2022-07-08 06:07:04,633 [Worker-2: Loading available Gradle versions] INFO  o.e.b.c.i.u.g.PublishedGradleVersions - Gradle version information cache is up-to-date. Trying to read.
2022-07-08 06:08:57,148 [Worker-6: Importing Maven projects] INFO  o.e.m.c.i.l.LifecycleMappingFactory - Using org.eclipse.m2e.jdt.JarLifecycleMapping lifecycle mapping for MavenProject: com.user:user_service:0.0.1-SNAPSHOT @ D:\MICRO\microservices-crash-course-main (1)\microservices-crash-course-main\user_service\user_service\pom.xml.
2022-07-08 06:08:58,836 [Worker-6: Importing Maven projects] INFO  o.e.m.j.i.AbstractJavaProjectConfigurator - Adding source folder /user_service/src/main/java
2022-07-08 06:08:58,837 [Worker-6: Importing Maven projects] INFO  o.e.m.j.i.AbstractJavaProjectConfigurator - Adding resource folder /user_service/src/main/resources
2022-07-08 06:08:58,838 [Worker-6: Importing Maven projects] INFO  o.e.m.j.i.AbstractJavaProjectConfigurator - Adding resource folder /user_service/src/main/resources
2022-07-08 06:08:58,840 [Worker-6: Importing Maven projects] INFO  o.e.m.j.i.AbstractJavaProjectConfigurator - Adding source folder /user_service/src/test/java
2022-07-08 06:08:59,322 [Worker-6: Importing Maven projects] INFO  o.e.m.c.i.p.ProjectConfigurationManager - Imported and configured 1 project(s) in 6 sec
2022-07-08 06:09:01,845 [Worker-3: Building] INFO  o.e.m.c.i.embedder.EclipseLogger - Using 'UTF-8' encoding to copy filtered resources.
2022-07-08 06:09:01,845 [Worker-3: Building] INFO  o.e.m.c.i.embedder.EclipseLogger - Using 'UTF-8' encoding to copy filtered properties files.
2022-07-08 06:09:01,898 [Worker-3: Building] INFO  o.e.m.c.i.embedder.EclipseLogger - Copying 2 resources
2022-07-08 06:09:01,995 [Worker-3: Building] INFO  o.e.m.c.i.embedder.EclipseLogger - Copying 0 resource
2022-07-08 06:09:02,039 [Worker-3: Building] INFO  o.e.m.c.i.embedder.EclipseLogger - Using 'UTF-8' encoding to copy filtered resources.
2022-07-08 06:09:02,039 [Worker-3: Building] INFO  o.e.m.c.i.embedder.EclipseLogger - Using 'UTF-8' encoding to copy filtered properties files.
2022-07-08 06:09:02,039 [Worker-3: Building] INFO  o.e.m.c.i.embedder.EclipseLogger - skip non existing resourceDirectory D:\MICRO\microservices-crash-course-main (1)\microservices-crash-course-main\user_service\user_service\src\test\resources
2022-07-08 06:09:13,966 [ForkJoinPool.commonPool-worker-2] ERROR o.e.m.e.l.MavenRuntimeClasspathProvider - Illegal character in path at index 22: file:/C:/Users/Srashti Gupta/DOWNLOADS/sts-4.14.1.RELEASE/plugins/org.eclipse.m2e.maven.runtime_1.18.3.20220227-1319/jars/
java.net.URISyntaxException: Illegal character in path at index 22: file:/C:/Users/Srashti Gupta/DOWNLOADS/sts-4.14.1.RELEASE/plugins/org.eclipse.m2e.maven.runtime_1.18.3.20220227-1319/jars/
	at java.base/java.net.URI$Parser.fail(URI.java:2974)
	at java.base/java.net.URI$Parser.checkChars(URI.java:3145)
	at java.base/java.net.URI$Parser.parseHierarchical(URI.java:3227)
	at java.base/java.net.URI$Parser.parse(URI.java:3175)
	at java.base/java.net.URI.<init>(URI.java:623)
	at java.base/java.net.URL.toURI(URL.java:1056)
	at org.eclipse.m2e.editor.lemminx.MavenRuntimeClasspathProvider.addJarsFromBundle(MavenRuntimeClasspathProvider.java:81)
	at org.eclipse.m2e.editor.lemminx.MavenRuntimeClasspathProvider.get(MavenRuntimeClasspathProvider.java:66)
	at org.eclipse.m2e.editor.lemminx.MavenRuntimeClasspathProvider.get(MavenRuntimeClasspathProvider.java:1)
	at java.base/java.util.stream.ReferencePipeline$3$1.accept(ReferencePipeline.java:197)
	at java.base/java.util.stream.ReferencePipeline$3$1.accept(ReferencePipeline.java:197)
	at java.base/java.util.HashMap$EntrySpliterator.forEachRemaining(HashMap.java:1850)
	at java.base/java.util.stream.AbstractPipeline.copyInto(AbstractPipeline.java:509)
	at java.base/java.util.stream.AbstractPipeline.wrapAndCopyInto(AbstractPipeline.java:499)
	at java.base/java.util.stream.ForEachOps$ForEachOp.evaluateSequential(ForEachOps.java:150)
	at java.base/java.util.stream.ForEachOps$ForEachOp$OfRef.evaluateSequential(ForEachOps.java:173)
	at java.base/java.util.stream.AbstractPipeline.evaluate(AbstractPipeline.java:234)
	at java.base/java.util.stream.ReferencePipeline.forEach(ReferencePipeline.java:596)
	at org.eclipse.wildwebdeveloper.xml.internal.XMLExtensionRegistry.getXMLLSClassPathExtensions(XMLExtensionRegistry.java:81)
	at org.eclipse.wildwebdeveloper.xml.internal.XMLLanguageServer.getExtensionJarPaths(XMLLanguageServer.java:148)
	at org.eclipse.wildwebdeveloper.xml.internal.XMLLanguageServer.<init>(XMLLanguageServer.java:83)
	at java.base/jdk.internal.reflect.NativeConstructorAccessorImpl.newInstance0(Native Method)
	at java.base/jdk.internal.reflect.NativeConstructorAccessorImpl.newInstance(NativeConstructorAccessorImpl.java:77)
	at java.base/jdk.internal.reflect.DelegatingConstructorAccessorImpl.newInstance(DelegatingConstructorAccessorImpl.java:45)
	at java.base/java.lang.reflect.Constructor.newInstanceWithCaller(Constructor.java:499)
	at java.base/java.lang.reflect.Constructor.newInstance(Constructor.java:480)
	at org.eclipse.core.internal.registry.osgi.RegistryStrategyOSGI.createExecutableExtension(RegistryStrategyOSGI.java:204)
	at org.eclipse.core.internal.registry.ExtensionRegistry.createExecutableExtension(ExtensionRegistry.java:920)
	at org.eclipse.core.internal.registry.ConfigurationElement.createExecutableExtension(ConfigurationElement.java:246)
	at org.eclipse.core.internal.registry.ConfigurationElementHandle.createExecutableExtension(ConfigurationElementHandle.java:63)
	at org.eclipse.lsp4e.LanguageServersRegistry$ExtensionLanguageServerDefinition.createConnectionProvider(LanguageServersRegistry.java:147)
	at org.eclipse.lsp4e.LanguageServerWrapper.lambda$1(LanguageServerWrapper.java:222)
	at java.base/java.util.concurrent.CompletableFuture$AsyncSupply.run(CompletableFuture.java:1768)
	at java.base/java.util.concurrent.CompletableFuture$AsyncSupply.exec(CompletableFuture.java:1760)
	at java.base/java.util.concurrent.ForkJoinTask.doExec(ForkJoinTask.java:373)
	at java.base/java.util.concurrent.ForkJoinPool$WorkQueue.topLevelExec(ForkJoinPool.java:1182)
	at java.base/java.util.concurrent.ForkJoinPool.scan(ForkJoinPool.java:1655)
	at java.base/java.util.concurrent.ForkJoinPool.runWorker(ForkJoinPool.java:1622)
	at java.base/java.util.concurrent.ForkJoinWorkerThread.run(ForkJoinWorkerThread.java:165)
2022-07-08 06:09:33,175 [Worker-13: Building] INFO  o.e.m.c.i.embedder.EclipseLogger - Using 'UTF-8' encoding to copy filtered resources.
2022-07-08 06:09:33,176 [Worker-13: Building] INFO  o.e.m.c.i.embedder.EclipseLogger - Using 'UTF-8' encoding to copy filtered properties files.
2022-07-08 06:09:33,178 [Worker-13: Building] INFO  o.e.m.c.i.embedder.EclipseLogger - Copying 0 resource
2022-07-08 06:09:33,179 [Worker-13: Building] INFO  o.e.m.c.i.embedder.EclipseLogger - Copying 0 resource
2022-07-08 06:09:33,182 [Worker-13: Building] INFO  o.e.m.c.i.embedder.EclipseLogger - Using 'UTF-8' encoding to copy filtered resources.
2022-07-08 06:09:33,182 [Worker-13: Building] INFO  o.e.m.c.i.embedder.EclipseLogger - Using 'UTF-8' encoding to copy filtered properties files.
2022-07-08 06:09:33,182 [Worker-13: Building] INFO  o.e.m.c.i.embedder.EclipseLogger - skip non existing resourceDirectory D:\MICRO\microservices-crash-course-main (1)\microservices-crash-course-main\user_service\user_service\src\test\resources
2022-07-08 06:17:18,219 [Worker-14: Building] INFO  o.e.m.c.i.embedder.EclipseLogger - Using 'UTF-8' encoding to copy filtered resources.
2022-07-08 06:17:18,225 [Worker-14: Building] INFO  o.e.m.c.i.embedder.EclipseLogger - Using 'UTF-8' encoding to copy filtered properties files.
2022-07-08 06:17:18,232 [Worker-14: Building] INFO  o.e.m.c.i.embedder.EclipseLogger - Copying 2 resources
2022-07-08 06:17:18,720 [Worker-14: Building] INFO  o.e.m.c.i.embedder.EclipseLogger - Copying 0 resource
2022-07-08 06:17:18,726 [Worker-14: Building] INFO  o.e.m.c.i.embedder.EclipseLogger - Using 'UTF-8' encoding to copy filtered resources.
2022-07-08 06:17:18,726 [Worker-14: Building] INFO  o.e.m.c.i.embedder.EclipseLogger - Using 'UTF-8' encoding to copy filtered properties files.
2022-07-08 06:17:18,727 [Worker-14: Building] INFO  o.e.m.c.i.embedder.EclipseLogger - skip non existing resourceDirectory D:\MICRO\microservices-crash-course-main (1)\microservices-crash-course-main\user_service\user_service\src\test\resources
2022-07-08 06:19:12,092 [Worker-17: Building] INFO  o.e.m.c.i.embedder.EclipseLogger - Using 'UTF-8' encoding to copy filtered resources.
2022-07-08 06:19:12,092 [Worker-17: Building] INFO  o.e.m.c.i.embedder.EclipseLogger - Using 'UTF-8' encoding to copy filtered properties files.
2022-07-08 06:19:12,093 [Worker-17: Building] INFO  o.e.m.c.i.embedder.EclipseLogger - Copying 2 resources
2022-07-08 06:19:12,413 [Worker-17: Building] INFO  o.e.m.c.i.embedder.EclipseLogger - Copying 0 resource
2022-07-08 06:19:12,418 [Worker-17: Building] INFO  o.e.m.c.i.embedder.EclipseLogger - Using 'UTF-8' encoding to copy filtered resources.
2022-07-08 06:19:12,418 [Worker-17: Building] INFO  o.e.m.c.i.embedder.EclipseLogger - Using 'UTF-8' encoding to copy filtered properties files.
2022-07-08 06:19:12,418 [Worker-17: Building] INFO  o.e.m.c.i.embedder.EclipseLogger - skip non existing resourceDirectory D:\MICRO\microservices-crash-course-main (1)\microservices-crash-course-main\user_service\user_service\src\test\resources
2022-07-08 06:22:22,787 [Worker-19: Building] INFO  o.e.m.c.i.embedder.EclipseLogger - Using 'UTF-8' encoding to copy filtered resources.
2022-07-08 06:22:22,800 [Worker-19: Building] INFO  o.e.m.c.i.embedder.EclipseLogger - Using 'UTF-8' encoding to copy filtered properties files.
2022-07-08 06:22:22,812 [Worker-19: Building] INFO  o.e.m.c.i.embedder.EclipseLogger - Copying 1 resource
2022-07-08 06:22:22,858 [Worker-19: Building] INFO  o.e.m.c.i.embedder.EclipseLogger - Copying 0 resource
2022-07-08 06:22:22,881 [Worker-19: Building] INFO  o.e.m.c.i.embedder.EclipseLogger - Using 'UTF-8' encoding to copy filtered resources.
2022-07-08 06:22:22,881 [Worker-19: Building] INFO  o.e.m.c.i.embedder.EclipseLogger - Using 'UTF-8' encoding to copy filtered properties files.
2022-07-08 06:22:22,882 [Worker-19: Building] INFO  o.e.m.c.i.embedder.EclipseLogger - skip non existing resourceDirectory D:\MICRO\microservices-crash-course-main (1)\microservices-crash-course-main\user_service\user_service\src\test\resources
2022-07-08 06:22:59,430 [Worker-21: Building] INFO  o.e.m.c.i.embedder.EclipseLogger - Using 'UTF-8' encoding to copy filtered resources.
2022-07-08 06:22:59,431 [Worker-21: Building] INFO  o.e.m.c.i.embedder.EclipseLogger - Using 'UTF-8' encoding to copy filtered properties files.
2022-07-08 06:22:59,431 [Worker-21: Building] INFO  o.e.m.c.i.embedder.EclipseLogger - Copying 1 resource
2022-07-08 06:22:59,455 [Worker-21: Building] INFO  o.e.m.c.i.embedder.EclipseLogger - Copying 0 resource
2022-07-08 06:22:59,457 [Worker-21: Building] INFO  o.e.m.c.i.embedder.EclipseLogger - Using 'UTF-8' encoding to copy filtered resources.
2022-07-08 06:22:59,457 [Worker-21: Building] INFO  o.e.m.c.i.embedder.EclipseLogger - Using 'UTF-8' encoding to copy filtered properties files.
2022-07-08 06:22:59,457 [Worker-21: Building] INFO  o.e.m.c.i.embedder.EclipseLogger - skip non existing resourceDirectory D:\MICRO\microservices-crash-course-main (1)\microservices-crash-course-main\user_service\user_service\src\test\resources
2022-07-08 06:23:47,954 [Worker-21: Building] INFO  o.e.m.c.i.embedder.EclipseLogger - Using 'UTF-8' encoding to copy filtered resources.
2022-07-08 06:23:47,954 [Worker-21: Building] INFO  o.e.m.c.i.embedder.EclipseLogger - Using 'UTF-8' encoding to copy filtered properties files.
2022-07-08 06:23:47,954 [Worker-21: Building] INFO  o.e.m.c.i.embedder.EclipseLogger - Copying 1 resource
2022-07-08 06:23:47,990 [Worker-21: Building] INFO  o.e.m.c.i.embedder.EclipseLogger - Copying 0 resource
2022-07-08 06:23:47,996 [Worker-21: Building] INFO  o.e.m.c.i.embedder.EclipseLogger - Using 'UTF-8' encoding to copy filtered resources.
2022-07-08 06:23:47,997 [Worker-21: Building] INFO  o.e.m.c.i.embedder.EclipseLogger - Using 'UTF-8' encoding to copy filtered properties files.
2022-07-08 06:23:47,998 [Worker-21: Building] INFO  o.e.m.c.i.embedder.EclipseLogger - skip non existing resourceDirectory D:\MICRO\microservices-crash-course-main (1)\microservices-crash-course-main\user_service\user_service\src\test\resources
2022-07-08 06:24:09,811 [Worker-19: Building] INFO  o.e.m.c.i.embedder.EclipseLogger - Using 'UTF-8' encoding to copy filtered resources.
2022-07-08 06:24:09,812 [Worker-19: Building] INFO  o.e.m.c.i.embedder.EclipseLogger - Using 'UTF-8' encoding to copy filtered properties files.
2022-07-08 06:24:09,812 [Worker-19: Building] INFO  o.e.m.c.i.embedder.EclipseLogger - Copying 1 resource
2022-07-08 06:24:09,903 [Worker-19: Building] INFO  o.e.m.c.i.embedder.EclipseLogger - Copying 0 resource
2022-07-08 06:24:09,911 [Worker-19: Building] INFO  o.e.m.c.i.embedder.EclipseLogger - Using 'UTF-8' encoding to copy filtered resources.
2022-07-08 06:24:09,912 [Worker-19: Building] INFO  o.e.m.c.i.embedder.EclipseLogger - Using 'UTF-8' encoding to copy filtered properties files.
2022-07-08 06:24:09,912 [Worker-19: Building] INFO  o.e.m.c.i.embedder.EclipseLogger - skip non existing resourceDirectory D:\MICRO\microservices-crash-course-main (1)\microservices-crash-course-main\user_service\user_service\src\test\resources
2022-07-08 06:25:19,653 [Worker-22: Building] INFO  o.e.m.c.i.embedder.EclipseLogger - Using 'UTF-8' encoding to copy filtered resources.
2022-07-08 06:25:19,653 [Worker-22: Building] INFO  o.e.m.c.i.embedder.EclipseLogger - Using 'UTF-8' encoding to copy filtered properties files.
2022-07-08 06:25:19,654 [Worker-22: Building] INFO  o.e.m.c.i.embedder.EclipseLogger - Copying 1 resource
2022-07-08 06:25:19,817 [Worker-22: Building] INFO  o.e.m.c.i.embedder.EclipseLogger - Copying 0 resource
2022-07-08 06:25:19,820 [Worker-22: Building] INFO  o.e.m.c.i.embedder.EclipseLogger - Using 'UTF-8' encoding to copy filtered resources.
2022-07-08 06:25:19,821 [Worker-22: Building] INFO  o.e.m.c.i.embedder.EclipseLogger - Using 'UTF-8' encoding to copy filtered properties files.
2022-07-08 06:25:19,821 [Worker-22: Building] INFO  o.e.m.c.i.embedder.EclipseLogger - skip non existing resourceDirectory D:\MICRO\microservices-crash-course-main (1)\microservices-crash-course-main\user_service\user_service\src\test\resources
2022-07-08 06:50:12,233 [Worker-26: Building] INFO  o.e.m.c.i.embedder.EclipseLogger - Using 'UTF-8' encoding to copy filtered resources.
2022-07-08 06:50:12,234 [Worker-26: Building] INFO  o.e.m.c.i.embedder.EclipseLogger - Using 'UTF-8' encoding to copy filtered properties files.
2022-07-08 06:50:12,236 [Worker-26: Building] INFO  o.e.m.c.i.embedder.EclipseLogger - Copying 1 resource
2022-07-08 06:50:12,422 [Worker-26: Building] INFO  o.e.m.c.i.embedder.EclipseLogger - Copying 0 resource
2022-07-08 06:50:12,426 [Worker-26: Building] INFO  o.e.m.c.i.embedder.EclipseLogger - Using 'UTF-8' encoding to copy filtered resources.
2022-07-08 06:50:12,426 [Worker-26: Building] INFO  o.e.m.c.i.embedder.EclipseLogger - Using 'UTF-8' encoding to copy filtered properties files.
2022-07-08 06:50:12,426 [Worker-26: Building] INFO  o.e.m.c.i.embedder.EclipseLogger - skip non existing resourceDirectory D:\MICRO\microservices-crash-course-main (1)\microservices-crash-course-main\user_service\user_service\src\test\resources
2022-07-08 06:59:14,487 [Worker-32: Building] INFO  o.e.m.c.i.embedder.EclipseLogger - Using 'UTF-8' encoding to copy filtered resources.
2022-07-08 06:59:14,492 [Worker-32: Building] INFO  o.e.m.c.i.embedder.EclipseLogger - Using 'UTF-8' encoding to copy filtered properties files.
2022-07-08 06:59:14,496 [Worker-32: Building] INFO  o.e.m.c.i.embedder.EclipseLogger - Copying 1 resource
2022-07-08 06:59:14,582 [Worker-32: Building] INFO  o.e.m.c.i.embedder.EclipseLogger - Copying 0 resource
2022-07-08 06:59:14,585 [Worker-32: Building] INFO  o.e.m.c.i.embedder.EclipseLogger - Using 'UTF-8' encoding to copy filtered resources.
2022-07-08 06:59:14,586 [Worker-32: Building] INFO  o.e.m.c.i.embedder.EclipseLogger - Using 'UTF-8' encoding to copy filtered properties files.
2022-07-08 06:59:14,586 [Worker-32: Building] INFO  o.e.m.c.i.embedder.EclipseLogger - skip non existing resourceDirectory D:\MICRO\microservices-crash-course-main (1)\microservices-crash-course-main\user_service\user_service\src\test\resources
2022-07-08 07:01:53,404 [Worker-2: Loading available Gradle versions] INFO  o.e.b.c.i.u.g.PublishedGradleVersions - Gradle version information cache is up-to-date. Trying to read.
2022-07-08 07:02:11,575 [Worker-2: Updating Maven Project] INFO  o.e.m.c.i.p.ProjectConfigurationManager - Update started
2022-07-08 07:02:12,895 [Worker-2: Updating Maven Project] INFO  o.e.m.c.i.l.LifecycleMappingFactory - Using org.eclipse.m2e.jdt.JarLifecycleMapping lifecycle mapping for MavenProject: com.user:user_service:0.0.1-SNAPSHOT @ D:\MICRO\microservices-crash-course-main (1)\microservices-crash-course-main\user_service\user_service\pom.xml.
2022-07-08 07:02:14,249 [Worker-2: Updating Maven Project] INFO  o.e.m.j.i.AbstractJavaProjectConfigurator - Adding source folder /user_service/src/main/java
2022-07-08 07:02:14,249 [Worker-2: Updating Maven Project] INFO  o.e.m.j.i.AbstractJavaProjectConfigurator - Adding resource folder /user_service/src/main/resources
2022-07-08 07:02:14,250 [Worker-2: Updating Maven Project] INFO  o.e.m.j.i.AbstractJavaProjectConfigurator - Adding resource folder /user_service/src/main/resources
2022-07-08 07:02:14,251 [Worker-2: Updating Maven Project] INFO  o.e.m.j.i.AbstractJavaProjectConfigurator - Adding source folder /user_service/src/test/java
2022-07-08 07:02:15,154 [Worker-2: Updating Maven Project] INFO  o.e.m.c.i.p.ProjectConfigurationManager - Update completed: 3 sec
2022-07-08 07:02:16,704 [Worker-3: Building] INFO  o.e.m.c.i.embedder.EclipseLogger - Using 'UTF-8' encoding to copy filtered resources.
2022-07-08 07:02:16,704 [Worker-3: Building] INFO  o.e.m.c.i.embedder.EclipseLogger - Using 'UTF-8' encoding to copy filtered properties files.
2022-07-08 07:02:16,710 [Worker-3: Building] INFO  o.e.m.c.i.embedder.EclipseLogger - Copying 2 resources
2022-07-08 07:02:16,739 [Worker-3: Building] INFO  o.e.m.c.i.embedder.EclipseLogger - Copying 0 resource
2022-07-08 07:02:16,745 [Worker-3: Building] INFO  o.e.m.c.i.embedder.EclipseLogger - Using 'UTF-8' encoding to copy filtered resources.
2022-07-08 07:02:16,745 [Worker-3: Building] INFO  o.e.m.c.i.embedder.EclipseLogger - Using 'UTF-8' encoding to copy filtered properties files.
2022-07-08 07:02:16,745 [Worker-3: Building] INFO  o.e.m.c.i.embedder.EclipseLogger - skip non existing resourceDirectory D:\MICRO\microservices-crash-course-main (1)\microservices-crash-course-main\user_service\user_service\src\test\resources
2022-07-08 07:03:54,195 [Worker-1: Updating Maven Project] INFO  o.e.m.c.i.p.ProjectConfigurationManager - Update started
2022-07-08 07:03:54,882 [Worker-1: Updating Maven Project] INFO  o.e.m.c.i.l.LifecycleMappingFactory - Using org.eclipse.m2e.jdt.JarLifecycleMapping lifecycle mapping for MavenProject: com.user:user_service:0.0.1-SNAPSHOT @ D:\MICRO\microservices-crash-course-main (1)\microservices-crash-course-main\user_service\user_service\pom.xml.
2022-07-08 07:03:55,728 [Worker-1: Updating Maven Project] INFO  o.e.m.j.i.AbstractJavaProjectConfigurator - Adding source folder /user_service/src/main/java
2022-07-08 07:03:55,729 [Worker-1: Updating Maven Project] INFO  o.e.m.j.i.AbstractJavaProjectConfigurator - Adding resource folder /user_service/src/main/resources
2022-07-08 07:03:55,774 [Worker-1: Updating Maven Project] INFO  o.e.m.j.i.AbstractJavaProjectConfigurator - Adding resource folder /user_service/src/main/resources
2022-07-08 07:03:55,775 [Worker-1: Updating Maven Project] INFO  o.e.m.j.i.AbstractJavaProjectConfigurator - Adding source folder /user_service/src/test/java
2022-07-08 07:03:56,055 [Worker-1: Updating Maven Project] INFO  o.e.m.c.i.p.ProjectConfigurationManager - Update completed: 1 sec
2022-07-08 07:03:56,827 [Worker-9: Building] INFO  o.e.m.c.i.embedder.EclipseLogger - Using 'UTF-8' encoding to copy filtered resources.
2022-07-08 07:03:56,827 [Worker-9: Building] INFO  o.e.m.c.i.embedder.EclipseLogger - Using 'UTF-8' encoding to copy filtered properties files.
2022-07-08 07:03:56,828 [Worker-9: Building] INFO  o.e.m.c.i.embedder.EclipseLogger - Copying 2 resources
2022-07-08 07:03:56,844 [Worker-9: Building] INFO  o.e.m.c.i.embedder.EclipseLogger - Copying 0 resource
2022-07-08 07:03:56,847 [Worker-9: Building] INFO  o.e.m.c.i.embedder.EclipseLogger - Using 'UTF-8' encoding to copy filtered resources.
2022-07-08 07:03:56,847 [Worker-9: Building] INFO  o.e.m.c.i.embedder.EclipseLogger - Using 'UTF-8' encoding to copy filtered properties files.
2022-07-08 07:03:56,847 [Worker-9: Building] INFO  o.e.m.c.i.embedder.EclipseLogger - skip non existing resourceDirectory D:\MICRO\microservices-crash-course-main (1)\microservices-crash-course-main\user_service\user_service\src\test\resources
2022-07-08 07:17:07,740 [Worker-2: Loading available Gradle versions] INFO  o.e.b.c.i.u.g.PublishedGradleVersions - Gradle version information cache is up-to-date. Trying to read.
2022-07-08 07:40:29,666 [Worker-1: Loading available Gradle versions] INFO  o.e.b.c.i.u.g.PublishedGradleVersions - Gradle version information cache is up-to-date. Trying to read.
2022-07-08 08:08:50,595 [Worker-1: Loading available Gradle versions] INFO  o.e.b.c.i.u.g.PublishedGradleVersions - Gradle version information cache is up-to-date. Trying to read.
2022-07-08 11:33:20,453 [Worker-0: Loading available Gradle versions] INFO  o.e.b.c.i.u.g.PublishedGradleVersions - Gradle version information cache is up-to-date. Trying to read.
2022-07-08 14:34:29,822 [Worker-1: Loading available Gradle versions] INFO  o.e.b.c.i.u.g.PublishedGradleVersions - Gradle version information cache is up-to-date. Trying to read.
2022-07-08 14:43:51,912 [Worker-1: Loading available Gradle versions] INFO  o.e.b.c.i.u.g.PublishedGradleVersions - Gradle version information cache is up-to-date. Trying to read.
2022-07-09 06:39:39,671 [Worker-1: Loading available Gradle versions] INFO  o.e.b.c.i.u.g.PublishedGradleVersions - Gradle version information cache is up-to-date. Trying to read.
2022-07-09 06:42:48,511 [ForkJoinPool.commonPool-worker-3] ERROR o.e.m.e.l.MavenRuntimeClasspathProvider - Illegal character in path at index 22: file:/C:/Users/Srashti Gupta/DOWNLOADS/sts-4.14.1.RELEASE/plugins/org.eclipse.m2e.maven.runtime_1.18.3.20220227-1319/jars/
java.net.URISyntaxException: Illegal character in path at index 22: file:/C:/Users/Srashti Gupta/DOWNLOADS/sts-4.14.1.RELEASE/plugins/org.eclipse.m2e.maven.runtime_1.18.3.20220227-1319/jars/
	at java.base/java.net.URI$Parser.fail(URI.java:2974)
	at java.base/java.net.URI$Parser.checkChars(URI.java:3145)
	at java.base/java.net.URI$Parser.parseHierarchical(URI.java:3227)
	at java.base/java.net.URI$Parser.parse(URI.java:3175)
	at java.base/java.net.URI.<init>(URI.java:623)
	at java.base/java.net.URL.toURI(URL.java:1056)
	at org.eclipse.m2e.editor.lemminx.MavenRuntimeClasspathProvider.addJarsFromBundle(MavenRuntimeClasspathProvider.java:81)
	at org.eclipse.m2e.editor.lemminx.MavenRuntimeClasspathProvider.get(MavenRuntimeClasspathProvider.java:66)
	at org.eclipse.m2e.editor.lemminx.MavenRuntimeClasspathProvider.get(MavenRuntimeClasspathProvider.java:1)
	at java.base/java.util.stream.ReferencePipeline$3$1.accept(ReferencePipeline.java:197)
	at java.base/java.util.stream.ReferencePipeline$3$1.accept(ReferencePipeline.java:197)
	at java.base/java.util.HashMap$EntrySpliterator.forEachRemaining(HashMap.java:1850)
	at java.base/java.util.stream.AbstractPipeline.copyInto(AbstractPipeline.java:509)
	at java.base/java.util.stream.AbstractPipeline.wrapAndCopyInto(AbstractPipeline.java:499)
	at java.base/java.util.stream.ForEachOps$ForEachOp.evaluateSequential(ForEachOps.java:150)
	at java.base/java.util.stream.ForEachOps$ForEachOp$OfRef.evaluateSequential(ForEachOps.java:173)
	at java.base/java.util.stream.AbstractPipeline.evaluate(AbstractPipeline.java:234)
	at java.base/java.util.stream.ReferencePipeline.forEach(ReferencePipeline.java:596)
	at org.eclipse.wildwebdeveloper.xml.internal.XMLExtensionRegistry.getXMLLSClassPathExtensions(XMLExtensionRegistry.java:81)
	at org.eclipse.wildwebdeveloper.xml.internal.XMLLanguageServer.getExtensionJarPaths(XMLLanguageServer.java:148)
	at org.eclipse.wildwebdeveloper.xml.internal.XMLLanguageServer.<init>(XMLLanguageServer.java:83)
	at java.base/jdk.internal.reflect.NativeConstructorAccessorImpl.newInstance0(Native Method)
	at java.base/jdk.internal.reflect.NativeConstructorAccessorImpl.newInstance(NativeConstructorAccessorImpl.java:77)
	at java.base/jdk.internal.reflect.DelegatingConstructorAccessorImpl.newInstance(DelegatingConstructorAccessorImpl.java:45)
	at java.base/java.lang.reflect.Constructor.newInstanceWithCaller(Constructor.java:499)
	at java.base/java.lang.reflect.Constructor.newInstance(Constructor.java:480)
	at org.eclipse.core.internal.registry.osgi.RegistryStrategyOSGI.createExecutableExtension(RegistryStrategyOSGI.java:204)
	at org.eclipse.core.internal.registry.ExtensionRegistry.createExecutableExtension(ExtensionRegistry.java:920)
	at org.eclipse.core.internal.registry.ConfigurationElement.createExecutableExtension(ConfigurationElement.java:246)
	at org.eclipse.core.internal.registry.ConfigurationElementHandle.createExecutableExtension(ConfigurationElementHandle.java:63)
	at org.eclipse.lsp4e.LanguageServersRegistry$ExtensionLanguageServerDefinition.createConnectionProvider(LanguageServersRegistry.java:147)
	at org.eclipse.lsp4e.LanguageServerWrapper.lambda$1(LanguageServerWrapper.java:222)
	at java.base/java.util.concurrent.CompletableFuture$AsyncSupply.run(CompletableFuture.java:1768)
	at java.base/java.util.concurrent.CompletableFuture$AsyncSupply.exec(CompletableFuture.java:1760)
	at java.base/java.util.concurrent.ForkJoinTask.doExec(ForkJoinTask.java:373)
	at java.base/java.util.concurrent.ForkJoinPool$WorkQueue.topLevelExec(ForkJoinPool.java:1182)
	at java.base/java.util.concurrent.ForkJoinPool.scan(ForkJoinPool.java:1655)
	at java.base/java.util.concurrent.ForkJoinPool.runWorker(ForkJoinPool.java:1622)
	at java.base/java.util.concurrent.ForkJoinWorkerThread.run(ForkJoinWorkerThread.java:165)
2022-07-09 06:42:49,597 [Worker-2: Importing Maven projects] INFO  o.e.m.c.i.l.LifecycleMappingFactory - Using org.eclipse.m2e.jdt.JarLifecycleMapping lifecycle mapping for MavenProject: com.greatlearning:HELLOSWAGGER:0.0.1-SNAPSHOT @ C:\Users\Srashti Gupta\DOWNLOADS\HELLOSWAGGER\HELLOSWAGGER\pom.xml.
2022-07-09 06:42:52,532 [Worker-2: Importing Maven projects] INFO  o.e.m.j.i.AbstractJavaProjectConfigurator - Adding source folder /HELLOSWAGGER/src/main/java
2022-07-09 06:42:52,533 [Worker-2: Importing Maven projects] INFO  o.e.m.j.i.AbstractJavaProjectConfigurator - Adding resource folder /HELLOSWAGGER/src/main/resources
2022-07-09 06:42:52,536 [Worker-2: Importing Maven projects] INFO  o.e.m.j.i.AbstractJavaProjectConfigurator - Adding resource folder /HELLOSWAGGER/src/main/resources
2022-07-09 06:42:52,537 [Worker-2: Importing Maven projects] INFO  o.e.m.j.i.AbstractJavaProjectConfigurator - Adding source folder /HELLOSWAGGER/src/test/java
2022-07-09 06:42:53,069 [Worker-2: Importing Maven projects] INFO  o.e.m.c.i.p.ProjectConfigurationManager - Imported and configured 1 project(s) in 5 sec
2022-07-09 06:42:55,025 [Worker-5: Building] INFO  o.e.m.c.i.embedder.EclipseLogger - Using 'UTF-8' encoding to copy filtered resources.
2022-07-09 06:42:55,025 [Worker-5: Building] INFO  o.e.m.c.i.embedder.EclipseLogger - Using 'UTF-8' encoding to copy filtered properties files.
2022-07-09 06:42:55,032 [Worker-5: Building] INFO  o.e.m.c.i.embedder.EclipseLogger - Copying 1 resource
2022-07-09 06:42:55,054 [Worker-5: Building] INFO  o.e.m.c.i.embedder.EclipseLogger - Copying 0 resource
2022-07-09 06:42:55,063 [Worker-5: Building] INFO  o.e.m.c.i.embedder.EclipseLogger - Using 'UTF-8' encoding to copy filtered resources.
2022-07-09 06:42:55,064 [Worker-5: Building] INFO  o.e.m.c.i.embedder.EclipseLogger - Using 'UTF-8' encoding to copy filtered properties files.
2022-07-09 06:42:55,065 [Worker-5: Building] INFO  o.e.m.c.i.embedder.EclipseLogger - skip non existing resourceDirectory C:\Users\Srashti Gupta\DOWNLOADS\HELLOSWAGGER\HELLOSWAGGER\src\test\resources
2022-07-09 06:42:57,231 [Worker-5: Building] INFO  o.e.m.c.i.embedder.EclipseLogger - Using 'UTF-8' encoding to copy filtered resources.
2022-07-09 06:42:57,231 [Worker-5: Building] INFO  o.e.m.c.i.embedder.EclipseLogger - Using 'UTF-8' encoding to copy filtered properties files.
2022-07-09 06:42:57,232 [Worker-5: Building] INFO  o.e.m.c.i.embedder.EclipseLogger - Copying 2 resources
2022-07-09 06:42:57,250 [Worker-5: Building] INFO  o.e.m.c.i.embedder.EclipseLogger - Copying 0 resource
2022-07-09 06:42:57,253 [Worker-5: Building] INFO  o.e.m.c.i.embedder.EclipseLogger - Using 'UTF-8' encoding to copy filtered resources.
2022-07-09 06:42:57,253 [Worker-5: Building] INFO  o.e.m.c.i.embedder.EclipseLogger - Using 'UTF-8' encoding to copy filtered properties files.
2022-07-09 06:42:57,253 [Worker-5: Building] INFO  o.e.m.c.i.embedder.EclipseLogger - skip non existing resourceDirectory D:\MICRO\microservices-crash-course-main (1)\microservices-crash-course-main\user_service\user_service\src\test\resources
2022-07-09 06:43:02,195 [Worker-10: Building] INFO  o.e.m.c.i.l.LifecycleMappingFactory - Using org.eclipse.m2e.jdt.JarLifecycleMapping lifecycle mapping for MavenProject: com.user:user_service:0.0.1-SNAPSHOT @ D:\MICRO\microservices-crash-course-main (1)\microservices-crash-course-main\user_service\user_service\pom.xml.
2022-07-09 06:43:02,682 [Worker-10: Building] INFO  o.e.m.c.i.embedder.EclipseLogger - Using 'UTF-8' encoding to copy filtered resources.
2022-07-09 06:43:02,683 [Worker-10: Building] INFO  o.e.m.c.i.embedder.EclipseLogger - Using 'UTF-8' encoding to copy filtered properties files.
2022-07-09 06:43:02,684 [Worker-10: Building] INFO  o.e.m.c.i.embedder.EclipseLogger - Copying 0 resource
2022-07-09 06:43:02,685 [Worker-10: Building] INFO  o.e.m.c.i.embedder.EclipseLogger - Copying 0 resource
2022-07-09 06:43:02,688 [Worker-10: Building] INFO  o.e.m.c.i.embedder.EclipseLogger - Using 'UTF-8' encoding to copy filtered resources.
2022-07-09 06:43:02,688 [Worker-10: Building] INFO  o.e.m.c.i.embedder.EclipseLogger - Using 'UTF-8' encoding to copy filtered properties files.
2022-07-09 06:43:02,688 [Worker-10: Building] INFO  o.e.m.c.i.embedder.EclipseLogger - skip non existing resourceDirectory D:\MICRO\microservices-crash-course-main (1)\microservices-crash-course-main\user_service\user_service\src\test\resources
2022-07-09 06:43:04,687 [Worker-10: Building] INFO  o.e.m.c.i.embedder.EclipseLogger - Using 'UTF-8' encoding to copy filtered resources.
2022-07-09 06:43:04,687 [Worker-10: Building] INFO  o.e.m.c.i.embedder.EclipseLogger - Using 'UTF-8' encoding to copy filtered properties files.
2022-07-09 06:43:04,691 [Worker-10: Building] INFO  o.e.m.c.i.embedder.EclipseLogger - Copying 2 resources
2022-07-09 06:43:04,700 [Worker-10: Building] INFO  o.e.m.c.i.embedder.EclipseLogger - Copying 0 resource
2022-07-09 06:43:04,704 [Worker-10: Building] INFO  o.e.m.c.i.embedder.EclipseLogger - Using 'UTF-8' encoding to copy filtered resources.
2022-07-09 06:43:04,705 [Worker-10: Building] INFO  o.e.m.c.i.embedder.EclipseLogger - Using 'UTF-8' encoding to copy filtered properties files.
2022-07-09 06:43:04,705 [Worker-10: Building] INFO  o.e.m.c.i.embedder.EclipseLogger - skip non existing resourceDirectory D:\MICRO\microservices-crash-course-main (1)\microservices-crash-course-main\user_service\user_service\src\test\resources
2022-07-09 06:46:11,667 [Worker-16: Building] INFO  o.e.m.c.i.embedder.EclipseLogger - Using 'UTF-8' encoding to copy filtered resources.
2022-07-09 06:46:11,679 [Worker-16: Building] INFO  o.e.m.c.i.embedder.EclipseLogger - Using 'UTF-8' encoding to copy filtered properties files.
2022-07-09 06:46:11,687 [Worker-16: Building] INFO  o.e.m.c.i.embedder.EclipseLogger - Copying 1 resource
2022-07-09 06:46:11,758 [Worker-16: Building] INFO  o.e.m.c.i.embedder.EclipseLogger - Copying 0 resource
2022-07-09 06:46:11,768 [Worker-16: Building] INFO  o.e.m.c.i.embedder.EclipseLogger - Using 'UTF-8' encoding to copy filtered resources.
2022-07-09 06:46:11,768 [Worker-16: Building] INFO  o.e.m.c.i.embedder.EclipseLogger - Using 'UTF-8' encoding to copy filtered properties files.
2022-07-09 06:46:11,770 [Worker-16: Building] INFO  o.e.m.c.i.embedder.EclipseLogger - skip non existing resourceDirectory C:\Users\Srashti Gupta\DOWNLOADS\HELLOSWAGGER\HELLOSWAGGER\src\test\resources
2022-07-09 06:50:26,909 [Worker-17: Building] INFO  o.e.m.c.i.embedder.EclipseLogger - Using 'UTF-8' encoding to copy filtered resources.
2022-07-09 06:50:26,918 [Worker-17: Building] INFO  o.e.m.c.i.embedder.EclipseLogger - Using 'UTF-8' encoding to copy filtered properties files.
2022-07-09 06:50:26,925 [Worker-17: Building] INFO  o.e.m.c.i.embedder.EclipseLogger - Copying 1 resource
2022-07-09 06:50:27,422 [Worker-17: Building] INFO  o.e.m.c.i.embedder.EclipseLogger - Copying 0 resource
2022-07-09 06:50:27,552 [Worker-17: Building] INFO  o.e.m.c.i.embedder.EclipseLogger - Using 'UTF-8' encoding to copy filtered resources.
2022-07-09 06:50:27,552 [Worker-17: Building] INFO  o.e.m.c.i.embedder.EclipseLogger - Using 'UTF-8' encoding to copy filtered properties files.
2022-07-09 06:50:27,553 [Worker-17: Building] INFO  o.e.m.c.i.embedder.EclipseLogger - skip non existing resourceDirectory C:\Users\Srashti Gupta\DOWNLOADS\HELLOSWAGGER\HELLOSWAGGER\src\test\resources
2022-07-09 06:56:57,280 [Worker-20: Building] INFO  o.e.m.c.i.embedder.EclipseLogger - Using 'UTF-8' encoding to copy filtered resources.
2022-07-09 06:56:57,285 [Worker-20: Building] INFO  o.e.m.c.i.embedder.EclipseLogger - Using 'UTF-8' encoding to copy filtered properties files.
2022-07-09 06:56:57,288 [Worker-20: Building] INFO  o.e.m.c.i.embedder.EclipseLogger - Copying 1 resource
2022-07-09 06:56:57,478 [Worker-20: Building] INFO  o.e.m.c.i.embedder.EclipseLogger - Copying 0 resource
2022-07-09 06:56:57,486 [Worker-20: Building] INFO  o.e.m.c.i.embedder.EclipseLogger - Using 'UTF-8' encoding to copy filtered resources.
2022-07-09 06:56:57,487 [Worker-20: Building] INFO  o.e.m.c.i.embedder.EclipseLogger - Using 'UTF-8' encoding to copy filtered properties files.
2022-07-09 06:56:57,488 [Worker-20: Building] INFO  o.e.m.c.i.embedder.EclipseLogger - skip non existing resourceDirectory C:\Users\Srashti Gupta\DOWNLOADS\HELLOSWAGGER\HELLOSWAGGER\src\test\resources
2022-07-09 06:57:35,003 [Worker-22: Building] INFO  o.e.m.c.i.embedder.EclipseLogger - Using 'UTF-8' encoding to copy filtered resources.
2022-07-09 06:57:35,004 [Worker-22: Building] INFO  o.e.m.c.i.embedder.EclipseLogger - Using 'UTF-8' encoding to copy filtered properties files.
2022-07-09 06:57:35,005 [Worker-22: Building] INFO  o.e.m.c.i.embedder.EclipseLogger - Copying 0 resource
2022-07-09 06:57:35,007 [Worker-22: Building] INFO  o.e.m.c.i.embedder.EclipseLogger - Copying 1 resource
2022-07-09 06:57:35,034 [Worker-22: Building] INFO  o.e.m.c.i.embedder.EclipseLogger - Using 'UTF-8' encoding to copy filtered resources.
2022-07-09 06:57:35,034 [Worker-22: Building] INFO  o.e.m.c.i.embedder.EclipseLogger - Using 'UTF-8' encoding to copy filtered properties files.
2022-07-09 06:57:35,034 [Worker-22: Building] INFO  o.e.m.c.i.embedder.EclipseLogger - skip non existing resourceDirectory C:\Users\Srashti Gupta\DOWNLOADS\HELLOSWAGGER\HELLOSWAGGER\src\test\resources
2022-07-09 06:58:02,319 [Worker-21: Building] INFO  o.e.m.c.i.embedder.EclipseLogger - Using 'UTF-8' encoding to copy filtered resources.
2022-07-09 06:58:02,321 [Worker-21: Building] INFO  o.e.m.c.i.embedder.EclipseLogger - Using 'UTF-8' encoding to copy filtered properties files.
2022-07-09 06:58:02,326 [Worker-21: Building] INFO  o.e.m.c.i.embedder.EclipseLogger - Copying 1 resource
2022-07-09 06:58:02,332 [Worker-21: Building] INFO  o.e.m.c.i.embedder.EclipseLogger - Copying 0 resource
2022-07-09 06:58:02,358 [Worker-21: Building] INFO  o.e.m.c.i.embedder.EclipseLogger - Using 'UTF-8' encoding to copy filtered resources.
2022-07-09 06:58:02,359 [Worker-21: Building] INFO  o.e.m.c.i.embedder.EclipseLogger - Using 'UTF-8' encoding to copy filtered properties files.
2022-07-09 06:58:02,359 [Worker-21: Building] INFO  o.e.m.c.i.embedder.EclipseLogger - skip non existing resourceDirectory C:\Users\Srashti Gupta\DOWNLOADS\HELLOSWAGGER\HELLOSWAGGER\src\test\resources
2022-07-09 07:00:15,574 [Worker-23: Building] INFO  o.e.m.c.i.embedder.EclipseLogger - Using 'UTF-8' encoding to copy filtered resources.
2022-07-09 07:00:15,579 [Worker-23: Building] INFO  o.e.m.c.i.embedder.EclipseLogger - Using 'UTF-8' encoding to copy filtered properties files.
2022-07-09 07:00:15,583 [Worker-23: Building] INFO  o.e.m.c.i.embedder.EclipseLogger - Copying 2 resources
2022-07-09 07:00:15,603 [Worker-23: Building] INFO  o.e.m.c.i.embedder.EclipseLogger - Copying 0 resource
2022-07-09 07:00:15,611 [Worker-23: Building] INFO  o.e.m.c.i.embedder.EclipseLogger - Using 'UTF-8' encoding to copy filtered resources.
2022-07-09 07:00:15,612 [Worker-23: Building] INFO  o.e.m.c.i.embedder.EclipseLogger - Using 'UTF-8' encoding to copy filtered properties files.
2022-07-09 07:00:15,612 [Worker-23: Building] INFO  o.e.m.c.i.embedder.EclipseLogger - skip non existing resourceDirectory C:\Users\Srashti Gupta\DOWNLOADS\HELLOSWAGGER\HELLOSWAGGER\src\test\resources
2022-07-09 07:00:19,617 [Worker-20: Building] INFO  o.e.m.c.i.embedder.EclipseLogger - Using 'UTF-8' encoding to copy filtered resources.
2022-07-09 07:00:19,617 [Worker-20: Building] INFO  o.e.m.c.i.embedder.EclipseLogger - Using 'UTF-8' encoding to copy filtered properties files.
2022-07-09 07:00:19,618 [Worker-20: Building] INFO  o.e.m.c.i.embedder.EclipseLogger - Copying 2 resources
2022-07-09 07:00:19,627 [Worker-20: Building] INFO  o.e.m.c.i.embedder.EclipseLogger - Copying 0 resource
2022-07-09 07:00:19,640 [Worker-20: Building] INFO  o.e.m.c.i.embedder.EclipseLogger - Using 'UTF-8' encoding to copy filtered resources.
2022-07-09 07:00:19,640 [Worker-20: Building] INFO  o.e.m.c.i.embedder.EclipseLogger - Using 'UTF-8' encoding to copy filtered properties files.
2022-07-09 07:00:19,640 [Worker-20: Building] INFO  o.e.m.c.i.embedder.EclipseLogger - skip non existing resourceDirectory D:\MICRO\microservices-crash-course-main (1)\microservices-crash-course-main\user_service\user_service\src\test\resources
2022-07-09 07:01:09,130 [Worker-25: Building] INFO  o.e.m.c.i.embedder.EclipseLogger - Using 'UTF-8' encoding to copy filtered resources.
2022-07-09 07:01:09,131 [Worker-25: Building] INFO  o.e.m.c.i.embedder.EclipseLogger - Using 'UTF-8' encoding to copy filtered properties files.
2022-07-09 07:01:09,133 [Worker-25: Building] INFO  o.e.m.c.i.embedder.EclipseLogger - Copying 1 resource
2022-07-09 07:01:09,258 [Worker-25: Building] INFO  o.e.m.c.i.embedder.EclipseLogger - Copying 0 resource
2022-07-09 07:01:09,263 [Worker-25: Building] INFO  o.e.m.c.i.embedder.EclipseLogger - Using 'UTF-8' encoding to copy filtered resources.
2022-07-09 07:01:09,264 [Worker-25: Building] INFO  o.e.m.c.i.embedder.EclipseLogger - Using 'UTF-8' encoding to copy filtered properties files.
2022-07-09 07:01:09,265 [Worker-25: Building] INFO  o.e.m.c.i.embedder.EclipseLogger - skip non existing resourceDirectory C:\Users\Srashti Gupta\DOWNLOADS\HELLOSWAGGER\HELLOSWAGGER\src\test\resources
2022-07-09 07:08:34,136 [Worker-27: Building] INFO  o.e.m.c.i.l.LifecycleMappingFactory - Using org.eclipse.m2e.jdt.JarLifecycleMapping lifecycle mapping for MavenProject: com.greatlearning:HELLOSWAGGER:0.0.1-SNAPSHOT @ C:\Users\Srashti Gupta\DOWNLOADS\HELLOSWAGGER\HELLOSWAGGER\pom.xml.
2022-07-09 07:08:37,416 [Worker-27: Building] INFO  o.e.m.c.i.e.AbstractTransferListenerAdapter - Downloading https://repo.maven.apache.org/maven2/org/springframework/boot/spring-boot-starter-actuator/2.6.9/spring-boot-starter-actuator-2.6.9.pom
2022-07-09 07:08:38,950 [Worker-27: Building] INFO  o.e.m.c.i.e.AbstractTransferListenerAdapter - Downloaded https://repo.maven.apache.org/maven2/org/springframework/boot/spring-boot-starter-actuator/2.6.9/spring-boot-starter-actuator-2.6.9.pom
2022-07-09 07:08:39,439 [Worker-27: Building] INFO  o.e.m.c.i.e.AbstractTransferListenerAdapter - Downloading https://repo.maven.apache.org/maven2/org/springframework/boot/spring-boot-actuator-autoconfigure/2.6.9/spring-boot-actuator-autoconfigure-2.6.9.pom
2022-07-09 07:08:41,828 [Worker-27: Building] INFO  o.e.m.c.i.e.AbstractTransferListenerAdapter - Downloaded https://repo.maven.apache.org/maven2/org/springframework/boot/spring-boot-actuator-autoconfigure/2.6.9/spring-boot-actuator-autoconfigure-2.6.9.pom
2022-07-09 07:08:42,177 [Worker-27: Building] INFO  o.e.m.c.i.e.AbstractTransferListenerAdapter - Downloading https://repo.maven.apache.org/maven2/org/springframework/boot/spring-boot-actuator/2.6.9/spring-boot-actuator-2.6.9.pom
2022-07-09 07:08:42,546 [Worker-27: Building] INFO  o.e.m.c.i.e.AbstractTransferListenerAdapter - Downloaded https://repo.maven.apache.org/maven2/org/springframework/boot/spring-boot-actuator/2.6.9/spring-boot-actuator-2.6.9.pom
2022-07-09 07:08:42,847 [Worker-27: Building] INFO  o.e.m.c.i.e.AbstractTransferListenerAdapter - Downloading https://repo.maven.apache.org/maven2/io/micrometer/micrometer-core/1.8.7/micrometer-core-1.8.7.pom
2022-07-09 07:08:43,239 [Worker-27: Building] INFO  o.e.m.c.i.e.AbstractTransferListenerAdapter - Downloaded https://repo.maven.apache.org/maven2/io/micrometer/micrometer-core/1.8.7/micrometer-core-1.8.7.pom
2022-07-09 07:08:43,792 [AetherRepositoryConnector-repo.maven.apache.org-0-0] INFO  o.e.m.c.i.e.AbstractTransferListenerAdapter - Downloading https://repo.maven.apache.org/maven2/org/springframework/boot/spring-boot-starter-actuator/2.6.9/spring-boot-starter-actuator-2.6.9.jar
2022-07-09 07:08:44,078 [AetherRepositoryConnector-repo.maven.apache.org-0-1] INFO  o.e.m.c.i.e.AbstractTransferListenerAdapter - Downloading https://repo.maven.apache.org/maven2/org/springframework/boot/spring-boot-actuator-autoconfigure/2.6.9/spring-boot-actuator-autoconfigure-2.6.9.jar
2022-07-09 07:08:44,492 [AetherRepositoryConnector-repo.maven.apache.org-0-3] INFO  o.e.m.c.i.e.AbstractTransferListenerAdapter - Downloading https://repo.maven.apache.org/maven2/io/micrometer/micrometer-core/1.8.7/micrometer-core-1.8.7.jar
2022-07-09 07:08:44,492 [AetherRepositoryConnector-repo.maven.apache.org-0-2] INFO  o.e.m.c.i.e.AbstractTransferListenerAdapter - Downloading https://repo.maven.apache.org/maven2/org/springframework/boot/spring-boot-actuator/2.6.9/spring-boot-actuator-2.6.9.jar
2022-07-09 07:08:44,534 [AetherRepositoryConnector-repo.maven.apache.org-0-0] INFO  o.e.m.c.i.e.AbstractTransferListenerAdapter - Downloaded https://repo.maven.apache.org/maven2/org/springframework/boot/spring-boot-starter-actuator/2.6.9/spring-boot-starter-actuator-2.6.9.jar
2022-07-09 07:08:49,118 [AetherRepositoryConnector-repo.maven.apache.org-0-1] INFO  o.e.m.c.i.e.AbstractTransferListenerAdapter - Downloaded https://repo.maven.apache.org/maven2/org/springframework/boot/spring-boot-actuator-autoconfigure/2.6.9/spring-boot-actuator-autoconfigure-2.6.9.jar
2022-07-09 07:08:49,421 [AetherRepositoryConnector-repo.maven.apache.org-0-2] INFO  o.e.m.c.i.e.AbstractTransferListenerAdapter - Downloaded https://repo.maven.apache.org/maven2/org/springframework/boot/spring-boot-actuator/2.6.9/spring-boot-actuator-2.6.9.jar
2022-07-09 07:08:49,709 [AetherRepositoryConnector-repo.maven.apache.org-0-3] INFO  o.e.m.c.i.e.AbstractTransferListenerAdapter - Downloaded https://repo.maven.apache.org/maven2/io/micrometer/micrometer-core/1.8.7/micrometer-core-1.8.7.jar
2022-07-09 07:08:52,384 [Worker-27: Building] INFO  o.e.m.c.i.embedder.EclipseLogger - Using 'UTF-8' encoding to copy filtered resources.
2022-07-09 07:08:52,385 [Worker-27: Building] INFO  o.e.m.c.i.embedder.EclipseLogger - Using 'UTF-8' encoding to copy filtered properties files.
2022-07-09 07:08:52,386 [Worker-27: Building] INFO  o.e.m.c.i.embedder.EclipseLogger - Copying 0 resource
2022-07-09 07:08:52,387 [Worker-27: Building] INFO  o.e.m.c.i.embedder.EclipseLogger - Copying 0 resource
2022-07-09 07:08:52,390 [Worker-27: Building] INFO  o.e.m.c.i.embedder.EclipseLogger - Using 'UTF-8' encoding to copy filtered resources.
2022-07-09 07:08:52,391 [Worker-27: Building] INFO  o.e.m.c.i.embedder.EclipseLogger - Using 'UTF-8' encoding to copy filtered properties files.
2022-07-09 07:08:52,392 [Worker-27: Building] INFO  o.e.m.c.i.embedder.EclipseLogger - skip non existing resourceDirectory C:\Users\Srashti Gupta\DOWNLOADS\HELLOSWAGGER\HELLOSWAGGER\src\test\resources
2022-07-09 07:08:55,385 [Worker-29: Building] INFO  o.e.m.c.i.embedder.EclipseLogger - Using 'UTF-8' encoding to copy filtered resources.
2022-07-09 07:08:55,385 [Worker-29: Building] INFO  o.e.m.c.i.embedder.EclipseLogger - Using 'UTF-8' encoding to copy filtered properties files.
2022-07-09 07:08:55,389 [Worker-29: Building] INFO  o.e.m.c.i.embedder.EclipseLogger - Copying 2 resources
2022-07-09 07:08:55,395 [Worker-29: Building] INFO  o.e.m.c.i.embedder.EclipseLogger - Copying 0 resource
2022-07-09 07:08:55,400 [Worker-29: Building] INFO  o.e.m.c.i.embedder.EclipseLogger - Using 'UTF-8' encoding to copy filtered resources.
2022-07-09 07:08:55,400 [Worker-29: Building] INFO  o.e.m.c.i.embedder.EclipseLogger - Using 'UTF-8' encoding to copy filtered properties files.
2022-07-09 07:08:55,400 [Worker-29: Building] INFO  o.e.m.c.i.embedder.EclipseLogger - skip non existing resourceDirectory C:\Users\Srashti Gupta\DOWNLOADS\HELLOSWAGGER\HELLOSWAGGER\src\test\resources
2022-07-09 07:08:55,921 [Worker-28: Download sources and javadoc] INFO  o.e.m.c.i.e.AbstractTransferListenerAdapter - Downloading https://repo.maven.apache.org/maven2/org/springframework/boot/spring-boot-starter-actuator/2.6.9/spring-boot-starter-actuator-2.6.9-sources.jar
2022-07-09 07:08:56,644 [Worker-28: Download sources and javadoc] INFO  o.e.m.c.i.e.AbstractTransferListenerAdapter - Downloaded https://repo.maven.apache.org/maven2/org/springframework/boot/spring-boot-starter-actuator/2.6.9/spring-boot-starter-actuator-2.6.9-sources.jar
2022-07-09 07:08:57,040 [Worker-28: Download sources and javadoc] INFO  o.e.m.j.internal.DownloadSourcesJob - Downloaded sources for org.springframework.boot:spring-boot-starter-actuator:2.6.9
2022-07-09 07:08:58,292 [Worker-28: Download sources and javadoc] INFO  o.e.m.c.i.e.AbstractTransferListenerAdapter - Downloading https://repo.maven.apache.org/maven2/org/springframework/boot/spring-boot-actuator-autoconfigure/2.6.9/spring-boot-actuator-autoconfigure-2.6.9-sources.jar
2022-07-09 07:08:59,724 [Worker-28: Download sources and javadoc] INFO  o.e.m.c.i.e.AbstractTransferListenerAdapter - Downloaded https://repo.maven.apache.org/maven2/org/springframework/boot/spring-boot-actuator-autoconfigure/2.6.9/spring-boot-actuator-autoconfigure-2.6.9-sources.jar
2022-07-09 07:08:59,857 [Worker-28: Download sources and javadoc] INFO  o.e.m.j.internal.DownloadSourcesJob - Downloaded sources for org.springframework.boot:spring-boot-actuator-autoconfigure:2.6.9
2022-07-09 07:09:05,320 [Worker-28: Download sources and javadoc] INFO  o.e.m.c.i.e.AbstractTransferListenerAdapter - Downloading https://repo.maven.apache.org/maven2/org/springframework/boot/spring-boot-actuator/2.6.9/spring-boot-actuator-2.6.9-sources.jar
2022-07-09 07:09:08,277 [Worker-28: Download sources and javadoc] INFO  o.e.m.c.i.e.AbstractTransferListenerAdapter - Downloaded https://repo.maven.apache.org/maven2/org/springframework/boot/spring-boot-actuator/2.6.9/spring-boot-actuator-2.6.9-sources.jar
2022-07-09 07:09:12,686 [Worker-28: Download sources and javadoc] INFO  o.e.m.j.internal.DownloadSourcesJob - Downloaded sources for org.springframework.boot:spring-boot-actuator:2.6.9
2022-07-09 07:09:13,917 [Worker-28: Download sources and javadoc] INFO  o.e.m.c.i.e.AbstractTransferListenerAdapter - Downloading https://repo.maven.apache.org/maven2/io/micrometer/micrometer-core/1.8.7/micrometer-core-1.8.7-sources.jar
2022-07-09 07:09:15,134 [Worker-28: Download sources and javadoc] INFO  o.e.m.c.i.e.AbstractTransferListenerAdapter - Downloaded https://repo.maven.apache.org/maven2/io/micrometer/micrometer-core/1.8.7/micrometer-core-1.8.7-sources.jar
2022-07-09 07:09:15,249 [Worker-28: Download sources and javadoc] INFO  o.e.m.j.internal.DownloadSourcesJob - Downloaded sources for io.micrometer:micrometer-core:1.8.7
2022-07-09 07:09:20,343 [Worker-29: Building] INFO  o.e.m.c.i.embedder.EclipseLogger - Using 'UTF-8' encoding to copy filtered resources.
2022-07-09 07:09:20,343 [Worker-29: Building] INFO  o.e.m.c.i.embedder.EclipseLogger - Using 'UTF-8' encoding to copy filtered properties files.
2022-07-09 07:09:20,345 [Worker-29: Building] INFO  o.e.m.c.i.embedder.EclipseLogger - Copying 0 resource
2022-07-09 07:09:20,345 [Worker-29: Building] INFO  o.e.m.c.i.embedder.EclipseLogger - Copying 0 resource
2022-07-09 07:09:20,349 [Worker-29: Building] INFO  o.e.m.c.i.embedder.EclipseLogger - Using 'UTF-8' encoding to copy filtered resources.
2022-07-09 07:09:20,349 [Worker-29: Building] INFO  o.e.m.c.i.embedder.EclipseLogger - Using 'UTF-8' encoding to copy filtered properties files.
2022-07-09 07:09:20,350 [Worker-29: Building] INFO  o.e.m.c.i.embedder.EclipseLogger - skip non existing resourceDirectory C:\Users\Srashti Gupta\DOWNLOADS\HELLOSWAGGER\HELLOSWAGGER\src\test\resources
2022-07-09 07:14:15,083 [Worker-36: Building] INFO  o.e.m.c.i.embedder.EclipseLogger - Using 'UTF-8' encoding to copy filtered resources.
2022-07-09 07:14:15,090 [Worker-36: Building] INFO  o.e.m.c.i.embedder.EclipseLogger - Using 'UTF-8' encoding to copy filtered properties files.
2022-07-09 07:14:15,095 [Worker-36: Building] INFO  o.e.m.c.i.embedder.EclipseLogger - Copying 2 resources
2022-07-09 07:14:15,116 [Worker-36: Building] INFO  o.e.m.c.i.embedder.EclipseLogger - Copying 0 resource
2022-07-09 07:14:15,132 [Worker-36: Building] INFO  o.e.m.c.i.embedder.EclipseLogger - Using 'UTF-8' encoding to copy filtered resources.
2022-07-09 07:14:15,132 [Worker-36: Building] INFO  o.e.m.c.i.embedder.EclipseLogger - Using 'UTF-8' encoding to copy filtered properties files.
2022-07-09 07:14:15,133 [Worker-36: Building] INFO  o.e.m.c.i.embedder.EclipseLogger - skip non existing resourceDirectory C:\Users\Srashti Gupta\DOWNLOADS\HELLOSWAGGER\HELLOSWAGGER\src\test\resources
2022-07-09 07:14:15,715 [Worker-36: Building] INFO  o.e.m.c.i.embedder.EclipseLogger - Using 'UTF-8' encoding to copy filtered resources.
2022-07-09 07:14:15,715 [Worker-36: Building] INFO  o.e.m.c.i.embedder.EclipseLogger - Using 'UTF-8' encoding to copy filtered properties files.
2022-07-09 07:14:15,717 [Worker-36: Building] INFO  o.e.m.c.i.embedder.EclipseLogger - Copying 2 resources
2022-07-09 07:14:15,725 [Worker-36: Building] INFO  o.e.m.c.i.embedder.EclipseLogger - Copying 0 resource
2022-07-09 07:14:15,731 [Worker-36: Building] INFO  o.e.m.c.i.embedder.EclipseLogger - Using 'UTF-8' encoding to copy filtered resources.
2022-07-09 07:14:15,731 [Worker-36: Building] INFO  o.e.m.c.i.embedder.EclipseLogger - Using 'UTF-8' encoding to copy filtered properties files.
2022-07-09 07:14:15,731 [Worker-36: Building] INFO  o.e.m.c.i.embedder.EclipseLogger - skip non existing resourceDirectory D:\MICRO\microservices-crash-course-main (1)\microservices-crash-course-main\user_service\user_service\src\test\resources
2022-07-09 07:34:57,470 [Worker-40: Building] INFO  o.e.m.c.i.embedder.EclipseLogger - Using 'UTF-8' encoding to copy filtered resources.
2022-07-09 07:34:57,473 [Worker-40: Building] INFO  o.e.m.c.i.embedder.EclipseLogger - Using 'UTF-8' encoding to copy filtered properties files.
2022-07-09 07:34:57,474 [Worker-40: Building] INFO  o.e.m.c.i.embedder.EclipseLogger - Copying 1 resource
2022-07-09 07:34:57,503 [Worker-40: Building] INFO  o.e.m.c.i.embedder.EclipseLogger - Using 'UTF-8' encoding to copy filtered resources.
2022-07-09 07:34:57,504 [Worker-40: Building] INFO  o.e.m.c.i.embedder.EclipseLogger - Using 'UTF-8' encoding to copy filtered properties files.
2022-07-09 07:34:57,504 [Worker-40: Building] INFO  o.e.m.c.i.embedder.EclipseLogger - skip non existing resourceDirectory C:\Users\Srashti Gupta\DOWNLOADS\HELLOSWAGGER\HELLOSWAGGER\src\test\resources
2022-07-09 07:41:14,525 [Worker-39: Building] INFO  o.e.m.c.i.embedder.EclipseLogger - Using 'UTF-8' encoding to copy filtered resources.
2022-07-09 07:41:14,535 [Worker-39: Building] INFO  o.e.m.c.i.embedder.EclipseLogger - Using 'UTF-8' encoding to copy filtered properties files.
2022-07-09 07:41:14,541 [Worker-39: Building] INFO  o.e.m.c.i.embedder.EclipseLogger - Copying 2 resources
2022-07-09 07:41:14,990 [Worker-39: Building] INFO  o.e.m.c.i.embedder.EclipseLogger - Copying 0 resource
2022-07-09 07:41:15,001 [Worker-39: Building] INFO  o.e.m.c.i.embedder.EclipseLogger - Using 'UTF-8' encoding to copy filtered resources.
2022-07-09 07:41:15,002 [Worker-39: Building] INFO  o.e.m.c.i.embedder.EclipseLogger - Using 'UTF-8' encoding to copy filtered properties files.
2022-07-09 07:41:15,002 [Worker-39: Building] INFO  o.e.m.c.i.embedder.EclipseLogger - skip non existing resourceDirectory D:\MICRO\microservices-crash-course-main (1)\microservices-crash-course-main\user_service\user_service\src\test\resources
2022-07-09 10:06:49,181 [Worker-1: Loading available Gradle versions] INFO  o.e.b.c.i.u.g.PublishedGradleVersions - Gradle version information cache is up-to-date. Trying to read.
2022-07-09 10:18:37,134 [ForkJoinPool.commonPool-worker-6] ERROR o.e.m.e.l.MavenRuntimeClasspathProvider - Illegal character in path at index 22: file:/C:/Users/Srashti Gupta/DOWNLOADS/sts-4.14.1.RELEASE/plugins/org.eclipse.m2e.maven.runtime_1.18.3.20220227-1319/jars/
java.net.URISyntaxException: Illegal character in path at index 22: file:/C:/Users/Srashti Gupta/DOWNLOADS/sts-4.14.1.RELEASE/plugins/org.eclipse.m2e.maven.runtime_1.18.3.20220227-1319/jars/
	at java.base/java.net.URI$Parser.fail(URI.java:2974)
	at java.base/java.net.URI$Parser.checkChars(URI.java:3145)
	at java.base/java.net.URI$Parser.parseHierarchical(URI.java:3227)
	at java.base/java.net.URI$Parser.parse(URI.java:3175)
	at java.base/java.net.URI.<init>(URI.java:623)
	at java.base/java.net.URL.toURI(URL.java:1056)
	at org.eclipse.m2e.editor.lemminx.MavenRuntimeClasspathProvider.addJarsFromBundle(MavenRuntimeClasspathProvider.java:81)
	at org.eclipse.m2e.editor.lemminx.MavenRuntimeClasspathProvider.get(MavenRuntimeClasspathProvider.java:66)
	at org.eclipse.m2e.editor.lemminx.MavenRuntimeClasspathProvider.get(MavenRuntimeClasspathProvider.java:1)
	at java.base/java.util.stream.ReferencePipeline$3$1.accept(ReferencePipeline.java:197)
	at java.base/java.util.stream.ReferencePipeline$3$1.accept(ReferencePipeline.java:197)
	at java.base/java.util.HashMap$EntrySpliterator.forEachRemaining(HashMap.java:1850)
	at java.base/java.util.stream.AbstractPipeline.copyInto(AbstractPipeline.java:509)
	at java.base/java.util.stream.AbstractPipeline.wrapAndCopyInto(AbstractPipeline.java:499)
	at java.base/java.util.stream.ForEachOps$ForEachOp.evaluateSequential(ForEachOps.java:150)
	at java.base/java.util.stream.ForEachOps$ForEachOp$OfRef.evaluateSequential(ForEachOps.java:173)
	at java.base/java.util.stream.AbstractPipeline.evaluate(AbstractPipeline.java:234)
	at java.base/java.util.stream.ReferencePipeline.forEach(ReferencePipeline.java:596)
	at org.eclipse.wildwebdeveloper.xml.internal.XMLExtensionRegistry.getXMLLSClassPathExtensions(XMLExtensionRegistry.java:81)
	at org.eclipse.wildwebdeveloper.xml.internal.XMLLanguageServer.getExtensionJarPaths(XMLLanguageServer.java:148)
	at org.eclipse.wildwebdeveloper.xml.internal.XMLLanguageServer.<init>(XMLLanguageServer.java:83)
	at java.base/jdk.internal.reflect.NativeConstructorAccessorImpl.newInstance0(Native Method)
	at java.base/jdk.internal.reflect.NativeConstructorAccessorImpl.newInstance(NativeConstructorAccessorImpl.java:77)
	at java.base/jdk.internal.reflect.DelegatingConstructorAccessorImpl.newInstance(DelegatingConstructorAccessorImpl.java:45)
	at java.base/java.lang.reflect.Constructor.newInstanceWithCaller(Constructor.java:499)
	at java.base/java.lang.reflect.Constructor.newInstance(Constructor.java:480)
	at org.eclipse.core.internal.registry.osgi.RegistryStrategyOSGI.createExecutableExtension(RegistryStrategyOSGI.java:204)
	at org.eclipse.core.internal.registry.ExtensionRegistry.createExecutableExtension(ExtensionRegistry.java:920)
	at org.eclipse.core.internal.registry.ConfigurationElement.createExecutableExtension(ConfigurationElement.java:246)
	at org.eclipse.core.internal.registry.ConfigurationElementHandle.createExecutableExtension(ConfigurationElementHandle.java:63)
	at org.eclipse.lsp4e.LanguageServersRegistry$ExtensionLanguageServerDefinition.createConnectionProvider(LanguageServersRegistry.java:147)
	at org.eclipse.lsp4e.LanguageServerWrapper.lambda$1(LanguageServerWrapper.java:222)
	at java.base/java.util.concurrent.CompletableFuture$AsyncSupply.run(CompletableFuture.java:1768)
	at java.base/java.util.concurrent.CompletableFuture$AsyncSupply.exec(CompletableFuture.java:1760)
	at java.base/java.util.concurrent.ForkJoinTask.doExec(ForkJoinTask.java:373)
	at java.base/java.util.concurrent.ForkJoinPool$WorkQueue.topLevelExec(ForkJoinPool.java:1182)
	at java.base/java.util.concurrent.ForkJoinPool.scan(ForkJoinPool.java:1655)
	at java.base/java.util.concurrent.ForkJoinPool.runWorker(ForkJoinPool.java:1622)
	at java.base/java.util.concurrent.ForkJoinWorkerThread.run(ForkJoinWorkerThread.java:165)
2022-07-09 10:23:19,839 [Worker-5: Building] INFO  o.e.m.c.i.embedder.EclipseLogger - Using 'UTF-8' encoding to copy filtered resources.
2022-07-09 10:23:19,840 [Worker-5: Building] INFO  o.e.m.c.i.embedder.EclipseLogger - Using 'UTF-8' encoding to copy filtered properties files.
2022-07-09 10:23:19,845 [Worker-5: Building] INFO  o.e.m.c.i.embedder.EclipseLogger - Copying 2 resources
2022-07-09 10:23:19,871 [Worker-5: Building] INFO  o.e.m.c.i.embedder.EclipseLogger - Copying 0 resource
2022-07-09 10:23:19,875 [Worker-5: Building] INFO  o.e.m.c.i.embedder.EclipseLogger - Using 'UTF-8' encoding to copy filtered resources.
2022-07-09 10:23:19,875 [Worker-5: Building] INFO  o.e.m.c.i.embedder.EclipseLogger - Using 'UTF-8' encoding to copy filtered properties files.
2022-07-09 10:23:19,875 [Worker-5: Building] INFO  o.e.m.c.i.embedder.EclipseLogger - skip non existing resourceDirectory C:\Users\Srashti Gupta\DOWNLOADS\HELLOSWAGGER\HELLOSWAGGER\src\test\resources
2022-07-09 10:23:25,405 [Worker-11: Building] INFO  o.e.m.c.i.l.LifecycleMappingFactory - Using org.eclipse.m2e.jdt.JarLifecycleMapping lifecycle mapping for MavenProject: com.user:user_service:0.0.1-SNAPSHOT @ D:\MICRO\microservices-crash-course-main (1)\microservices-crash-course-main\user_service\user_service\pom.xml.
2022-07-09 10:23:27,741 [Worker-11: Building] INFO  o.e.m.c.i.embedder.EclipseLogger - Using 'UTF-8' encoding to copy filtered resources.
2022-07-09 10:23:27,741 [Worker-11: Building] INFO  o.e.m.c.i.embedder.EclipseLogger - Using 'UTF-8' encoding to copy filtered properties files.
2022-07-09 10:23:27,742 [Worker-11: Building] INFO  o.e.m.c.i.embedder.EclipseLogger - Copying 2 resources
2022-07-09 10:23:27,752 [Worker-11: Building] INFO  o.e.m.c.i.embedder.EclipseLogger - Copying 0 resource
2022-07-09 10:23:27,755 [Worker-11: Building] INFO  o.e.m.c.i.embedder.EclipseLogger - Using 'UTF-8' encoding to copy filtered resources.
2022-07-09 10:23:27,755 [Worker-11: Building] INFO  o.e.m.c.i.embedder.EclipseLogger - Using 'UTF-8' encoding to copy filtered properties files.
2022-07-09 10:23:27,755 [Worker-11: Building] INFO  o.e.m.c.i.embedder.EclipseLogger - skip non existing resourceDirectory D:\MICRO\microservices-crash-course-main (1)\microservices-crash-course-main\user_service\user_service\src\test\resources
2022-07-09 10:23:29,240 [Worker-13: Building] INFO  o.e.m.c.i.embedder.EclipseLogger - Using 'UTF-8' encoding to copy filtered resources.
2022-07-09 10:23:29,241 [Worker-13: Building] INFO  o.e.m.c.i.embedder.EclipseLogger - Using 'UTF-8' encoding to copy filtered properties files.
2022-07-09 10:23:29,245 [Worker-13: Building] INFO  o.e.m.c.i.embedder.EclipseLogger - Copying 2 resources
2022-07-09 10:23:29,248 [Worker-13: Building] INFO  o.e.m.c.i.embedder.EclipseLogger - Copying 0 resource
2022-07-09 10:23:29,250 [Worker-13: Building] INFO  o.e.m.c.i.embedder.EclipseLogger - Using 'UTF-8' encoding to copy filtered resources.
2022-07-09 10:23:29,250 [Worker-13: Building] INFO  o.e.m.c.i.embedder.EclipseLogger - Using 'UTF-8' encoding to copy filtered properties files.
2022-07-09 10:23:29,250 [Worker-13: Building] INFO  o.e.m.c.i.embedder.EclipseLogger - skip non existing resourceDirectory D:\MICRO\microservices-crash-course-main (1)\microservices-crash-course-main\user_service\user_service\src\test\resources
2022-07-09 10:33:38,101 [Worker-17: Building] INFO  o.e.m.c.i.l.LifecycleMappingFactory - Using org.eclipse.m2e.jdt.JarLifecycleMapping lifecycle mapping for MavenProject: com.user:user_service:0.0.1-SNAPSHOT @ D:\MICRO\microservices-crash-course-main (1)\microservices-crash-course-main\user_service\user_service\pom.xml.
2022-07-09 10:33:40,230 [Worker-17: Building] INFO  o.e.m.c.i.e.AbstractTransferListenerAdapter - Downloaded https://repo.maven.apache.org/maven2/io/springfox/springfox-swagger-2/3.0.0/springfox-swagger-2-3.0.0.pom
2022-07-09 10:33:40,235 [Worker-17: Building] WARN  o.e.m.c.i.embedder.EclipseLogger - The POM for io.springfox:springfox-swagger-2:jar:3.0.0 is missing, no dependency information available
2022-07-09 10:33:40,789 [Worker-17: Building] INFO  o.e.m.c.i.e.AbstractTransferListenerAdapter - Downloaded https://repo.maven.apache.org/maven2/io/springfox/springfox-swagger-2/3.0.0/springfox-swagger-2-3.0.0.jar
2022-07-09 10:33:41,197 [Worker-17: Building] INFO  o.e.m.c.i.embedder.EclipseLogger - Using 'UTF-8' encoding to copy filtered resources.
2022-07-09 10:33:41,197 [Worker-17: Building] INFO  o.e.m.c.i.embedder.EclipseLogger - Using 'UTF-8' encoding to copy filtered properties files.
2022-07-09 10:33:41,198 [Worker-17: Building] INFO  o.e.m.c.i.embedder.EclipseLogger - Copying 0 resource
2022-07-09 10:33:41,198 [Worker-17: Building] INFO  o.e.m.c.i.embedder.EclipseLogger - Copying 0 resource
2022-07-09 10:33:41,200 [Worker-17: Building] INFO  o.e.m.c.i.embedder.EclipseLogger - Using 'UTF-8' encoding to copy filtered resources.
2022-07-09 10:33:41,200 [Worker-17: Building] INFO  o.e.m.c.i.embedder.EclipseLogger - Using 'UTF-8' encoding to copy filtered properties files.
2022-07-09 10:33:41,203 [Worker-17: Building] INFO  o.e.m.c.i.embedder.EclipseLogger - skip non existing resourceDirectory D:\MICRO\microservices-crash-course-main (1)\microservices-crash-course-main\user_service\user_service\src\test\resources
2022-07-09 10:33:42,238 [Worker-5: Download sources and javadoc] WARN  o.e.m.c.i.embedder.EclipseLogger - The POM for io.springfox:springfox-swagger-2:jar:3.0.0 is missing, no dependency information available
2022-07-09 10:33:43,583 [Worker-5: Download sources and javadoc] INFO  o.e.m.c.i.e.AbstractTransferListenerAdapter - Downloaded https://repo.maven.apache.org/maven2/io/springfox/springfox-swagger-2/3.0.0/springfox-swagger-2-3.0.0-sources.jar
2022-07-09 10:33:43,591 [Worker-5: Download sources and javadoc] ERROR o.e.m.j.internal.DownloadSourcesJob - Could not download sources for io.springfox:springfox-swagger-2:3.0.0
org.eclipse.core.runtime.CoreException: Could not resolve artifact io.springfox:springfox-swagger-2:jar:sources:3.0.0
	at org.eclipse.m2e.core.internal.embedder.MavenImpl.lambda$4(MavenImpl.java:828)
	at org.eclipse.m2e.core.internal.embedder.MavenExecutionContext.executeBare(MavenExecutionContext.java:182)
	at org.eclipse.m2e.core.internal.embedder.MavenExecutionContext.execute(MavenExecutionContext.java:117)
	at org.eclipse.m2e.core.internal.embedder.MavenExecutionContext.execute(MavenExecutionContext.java:103)
	at org.eclipse.m2e.core.internal.embedder.MavenImpl.resolve(MavenImpl.java:796)
	at org.eclipse.m2e.core.internal.embedder.MavenImpl.resolve(MavenImpl.java:773)
	at org.eclipse.m2e.jdt.internal.DownloadSourcesJob.download(DownloadSourcesJob.java:311)
	at org.eclipse.m2e.jdt.internal.DownloadSourcesJob.downloadAttachments(DownloadSourcesJob.java:285)
	at org.eclipse.m2e.jdt.internal.DownloadSourcesJob.downloadMaven(DownloadSourcesJob.java:255)
	at org.eclipse.m2e.jdt.internal.DownloadSourcesJob.downloadFilesAndPopulateToUpdate(DownloadSourcesJob.java:223)
	at org.eclipse.m2e.jdt.internal.DownloadSourcesJob.lambda$0(DownloadSourcesJob.java:152)
	at org.eclipse.m2e.core.internal.embedder.MavenExecutionContext.executeBare(MavenExecutionContext.java:182)
	at org.eclipse.m2e.core.internal.embedder.MavenExecutionContext.execute(MavenExecutionContext.java:156)
	at org.eclipse.m2e.core.internal.embedder.MavenExecutionContext.execute(MavenExecutionContext.java:103)
	at org.eclipse.m2e.core.internal.embedder.MavenImpl.execute(MavenImpl.java:1416)
	at org.eclipse.m2e.jdt.internal.DownloadSourcesJob.run(DownloadSourcesJob.java:152)
	at org.eclipse.core.internal.jobs.Worker.run(Worker.java:63)
2022-07-09 10:34:54,473 [Worker-18: Building] INFO  o.e.m.c.i.l.LifecycleMappingFactory - Using org.eclipse.m2e.jdt.JarLifecycleMapping lifecycle mapping for MavenProject: com.user:user_service:0.0.1-SNAPSHOT @ D:\MICRO\microservices-crash-course-main (1)\microservices-crash-course-main\user_service\user_service\pom.xml.
2022-07-09 10:34:54,593 [Worker-18: Building] WARN  o.e.m.c.i.embedder.EclipseLogger - The POM for io.springfox:springfox-swagger-2:jar:3.0.0 is missing, no dependency information available
2022-07-09 10:34:54,924 [Worker-18: Building] INFO  o.e.m.c.i.embedder.EclipseLogger - Using 'UTF-8' encoding to copy filtered resources.
2022-07-09 10:34:54,924 [Worker-18: Building] INFO  o.e.m.c.i.embedder.EclipseLogger - Using 'UTF-8' encoding to copy filtered properties files.
2022-07-09 10:34:54,924 [Worker-18: Building] INFO  o.e.m.c.i.embedder.EclipseLogger - Copying 0 resource
2022-07-09 10:34:54,924 [Worker-18: Building] INFO  o.e.m.c.i.embedder.EclipseLogger - Copying 0 resource
2022-07-09 10:34:54,927 [Worker-18: Building] INFO  o.e.m.c.i.embedder.EclipseLogger - Using 'UTF-8' encoding to copy filtered resources.
2022-07-09 10:34:54,927 [Worker-18: Building] INFO  o.e.m.c.i.embedder.EclipseLogger - Using 'UTF-8' encoding to copy filtered properties files.
2022-07-09 10:34:54,928 [Worker-18: Building] INFO  o.e.m.c.i.embedder.EclipseLogger - skip non existing resourceDirectory D:\MICRO\microservices-crash-course-main (1)\microservices-crash-course-main\user_service\user_service\src\test\resources
2022-07-09 10:34:56,025 [Worker-16: Download sources and javadoc] WARN  o.e.m.c.i.embedder.EclipseLogger - The POM for io.springfox:springfox-swagger-2:jar:3.0.0 is missing, no dependency information available
2022-07-09 10:34:57,300 [Worker-16: Download sources and javadoc] INFO  o.e.m.c.i.e.AbstractTransferListenerAdapter - Downloaded https://repo.maven.apache.org/maven2/io/springfox/springfox-swagger-2/3.0.0/springfox-swagger-2-3.0.0-javadoc.jar
2022-07-09 10:34:57,303 [Worker-16: Download sources and javadoc] ERROR o.e.m.j.internal.DownloadSourcesJob - Could not download javadoc for io.springfox:springfox-swagger-2:3.0.0
org.eclipse.core.runtime.CoreException: Could not resolve artifact io.springfox:springfox-swagger-2:jar:javadoc:3.0.0
	at org.eclipse.m2e.core.internal.embedder.MavenImpl.lambda$4(MavenImpl.java:828)
	at org.eclipse.m2e.core.internal.embedder.MavenExecutionContext.executeBare(MavenExecutionContext.java:182)
	at org.eclipse.m2e.core.internal.embedder.MavenExecutionContext.execute(MavenExecutionContext.java:117)
	at org.eclipse.m2e.core.internal.embedder.MavenExecutionContext.execute(MavenExecutionContext.java:103)
	at org.eclipse.m2e.core.internal.embedder.MavenImpl.resolve(MavenImpl.java:796)
	at org.eclipse.m2e.core.internal.embedder.MavenImpl.resolve(MavenImpl.java:773)
	at org.eclipse.m2e.jdt.internal.DownloadSourcesJob.download(DownloadSourcesJob.java:311)
	at org.eclipse.m2e.jdt.internal.DownloadSourcesJob.downloadAttachments(DownloadSourcesJob.java:297)
	at org.eclipse.m2e.jdt.internal.DownloadSourcesJob.downloadMaven(DownloadSourcesJob.java:255)
	at org.eclipse.m2e.jdt.internal.DownloadSourcesJob.downloadFilesAndPopulateToUpdate(DownloadSourcesJob.java:223)
	at org.eclipse.m2e.jdt.internal.DownloadSourcesJob.lambda$0(DownloadSourcesJob.java:152)
	at org.eclipse.m2e.core.internal.embedder.MavenExecutionContext.executeBare(MavenExecutionContext.java:182)
	at org.eclipse.m2e.core.internal.embedder.MavenExecutionContext.execute(MavenExecutionContext.java:156)
	at org.eclipse.m2e.core.internal.embedder.MavenExecutionContext.execute(MavenExecutionContext.java:103)
	at org.eclipse.m2e.core.internal.embedder.MavenImpl.execute(MavenImpl.java:1416)
	at org.eclipse.m2e.jdt.internal.DownloadSourcesJob.run(DownloadSourcesJob.java:152)
	at org.eclipse.core.internal.jobs.Worker.run(Worker.java:63)
2022-07-09 10:36:09,595 [Worker-5: Building] INFO  o.e.m.c.i.l.LifecycleMappingFactory - Using org.eclipse.m2e.jdt.JarLifecycleMapping lifecycle mapping for MavenProject: com.user:user_service:0.0.1-SNAPSHOT @ D:\MICRO\microservices-crash-course-main (1)\microservices-crash-course-main\user_service\user_service\pom.xml.
2022-07-09 10:36:09,732 [Worker-5: Building] WARN  o.e.m.c.i.embedder.EclipseLogger - The POM for io.springfox:springfox-swagger-2:jar:3.0.0 is missing, no dependency information available
2022-07-09 10:36:09,983 [Worker-5: Building] INFO  o.e.m.c.i.embedder.EclipseLogger - Using 'UTF-8' encoding to copy filtered resources.
2022-07-09 10:36:09,983 [Worker-5: Building] INFO  o.e.m.c.i.embedder.EclipseLogger - Using 'UTF-8' encoding to copy filtered properties files.
2022-07-09 10:36:09,983 [Worker-5: Building] INFO  o.e.m.c.i.embedder.EclipseLogger - Copying 0 resource
2022-07-09 10:36:09,983 [Worker-5: Building] INFO  o.e.m.c.i.embedder.EclipseLogger - Copying 0 resource
2022-07-09 10:36:09,985 [Worker-5: Building] INFO  o.e.m.c.i.embedder.EclipseLogger - Using 'UTF-8' encoding to copy filtered resources.
2022-07-09 10:36:09,985 [Worker-5: Building] INFO  o.e.m.c.i.embedder.EclipseLogger - Using 'UTF-8' encoding to copy filtered properties files.
2022-07-09 10:36:09,985 [Worker-5: Building] INFO  o.e.m.c.i.embedder.EclipseLogger - skip non existing resourceDirectory D:\MICRO\microservices-crash-course-main (1)\microservices-crash-course-main\user_service\user_service\src\test\resources
2022-07-09 10:37:20,750 [Worker-5: reload maven project] WARN  o.e.m.c.i.embedder.EclipseLogger - The POM for io.springfox:springfox-swagger-2:jar:3.0.0 is missing, no dependency information available
2022-07-09 10:37:21,812 [Worker-13: Building] INFO  o.e.m.c.i.l.LifecycleMappingFactory - Using org.eclipse.m2e.jdt.JarLifecycleMapping lifecycle mapping for MavenProject: com.user:user_service:0.0.1-SNAPSHOT @ D:\MICRO\microservices-crash-course-main (1)\microservices-crash-course-main\user_service\user_service\pom.xml.
2022-07-09 10:37:21,915 [Worker-13: Building] WARN  o.e.m.c.i.embedder.EclipseLogger - The POM for io.springfox:springfox-swagger-2:jar:3.0.0 is missing, no dependency information available
2022-07-09 10:37:22,342 [Worker-13: Building] INFO  o.e.m.c.i.embedder.EclipseLogger - Using 'UTF-8' encoding to copy filtered resources.
2022-07-09 10:37:22,342 [Worker-13: Building] INFO  o.e.m.c.i.embedder.EclipseLogger - Using 'UTF-8' encoding to copy filtered properties files.
2022-07-09 10:37:22,344 [Worker-13: Building] INFO  o.e.m.c.i.embedder.EclipseLogger - Copying 0 resource
2022-07-09 10:37:22,344 [Worker-13: Building] INFO  o.e.m.c.i.embedder.EclipseLogger - Copying 0 resource
2022-07-09 10:37:22,348 [Worker-13: Building] INFO  o.e.m.c.i.embedder.EclipseLogger - Using 'UTF-8' encoding to copy filtered resources.
2022-07-09 10:37:22,348 [Worker-13: Building] INFO  o.e.m.c.i.embedder.EclipseLogger - Using 'UTF-8' encoding to copy filtered properties files.
2022-07-09 10:37:22,348 [Worker-13: Building] INFO  o.e.m.c.i.embedder.EclipseLogger - skip non existing resourceDirectory D:\MICRO\microservices-crash-course-main (1)\microservices-crash-course-main\user_service\user_service\src\test\resources
2022-07-09 10:37:55,905 [Worker-16: reload maven project] WARN  o.e.m.c.i.embedder.EclipseLogger - The POM for io.springfox:springfox-swagger-2:jar:3.0.0 is missing, no dependency information available
2022-07-09 10:37:56,569 [Worker-16: Building] INFO  o.e.m.c.i.l.LifecycleMappingFactory - Using org.eclipse.m2e.jdt.JarLifecycleMapping lifecycle mapping for MavenProject: com.user:user_service:0.0.1-SNAPSHOT @ D:\MICRO\microservices-crash-course-main (1)\microservices-crash-course-main\user_service\user_service\pom.xml.
2022-07-09 10:37:56,645 [Worker-16: Building] WARN  o.e.m.c.i.embedder.EclipseLogger - The POM for io.springfox:springfox-swagger-2:jar:3.0.0 is missing, no dependency information available
2022-07-09 10:37:56,950 [Worker-16: Building] INFO  o.e.m.c.i.embedder.EclipseLogger - Using 'UTF-8' encoding to copy filtered resources.
2022-07-09 10:37:56,950 [Worker-16: Building] INFO  o.e.m.c.i.embedder.EclipseLogger - Using 'UTF-8' encoding to copy filtered properties files.
2022-07-09 10:37:56,951 [Worker-16: Building] INFO  o.e.m.c.i.embedder.EclipseLogger - Copying 0 resource
2022-07-09 10:37:56,951 [Worker-16: Building] INFO  o.e.m.c.i.embedder.EclipseLogger - Copying 0 resource
2022-07-09 10:37:56,956 [Worker-16: Building] INFO  o.e.m.c.i.embedder.EclipseLogger - Using 'UTF-8' encoding to copy filtered resources.
2022-07-09 10:37:56,957 [Worker-16: Building] INFO  o.e.m.c.i.embedder.EclipseLogger - Using 'UTF-8' encoding to copy filtered properties files.
2022-07-09 10:37:56,957 [Worker-16: Building] INFO  o.e.m.c.i.embedder.EclipseLogger - skip non existing resourceDirectory D:\MICRO\microservices-crash-course-main (1)\microservices-crash-course-main\user_service\user_service\src\test\resources
2022-07-09 10:53:15,086 [Worker-17: reload maven project] WARN  o.e.m.c.i.embedder.EclipseLogger - The POM for io.springfox:springfox-swagger-2:jar:3.0.0 is missing, no dependency information available
2022-07-09 10:53:15,770 [Worker-20: Building] INFO  o.e.m.c.i.l.LifecycleMappingFactory - Using org.eclipse.m2e.jdt.JarLifecycleMapping lifecycle mapping for MavenProject: com.greatlearning:HELLOSWAGGER:0.0.1-SNAPSHOT @ C:\Users\Srashti Gupta\DOWNLOADS\HELLOSWAGGER\HELLOSWAGGER\pom.xml.
2022-07-09 11:09:08,667 [ForkJoinPool.commonPool-worker-1] ERROR o.e.m.e.l.MavenRuntimeClasspathProvider - Illegal character in path at index 22: file:/C:/Users/Srashti Gupta/DOWNLOADS/sts-4.14.1.RELEASE/plugins/org.eclipse.m2e.maven.runtime_1.18.3.20220227-1319/jars/
java.net.URISyntaxException: Illegal character in path at index 22: file:/C:/Users/Srashti Gupta/DOWNLOADS/sts-4.14.1.RELEASE/plugins/org.eclipse.m2e.maven.runtime_1.18.3.20220227-1319/jars/
	at java.base/java.net.URI$Parser.fail(URI.java:2974)
	at java.base/java.net.URI$Parser.checkChars(URI.java:3145)
	at java.base/java.net.URI$Parser.parseHierarchical(URI.java:3227)
	at java.base/java.net.URI$Parser.parse(URI.java:3175)
	at java.base/java.net.URI.<init>(URI.java:623)
	at java.base/java.net.URL.toURI(URL.java:1056)
	at org.eclipse.m2e.editor.lemminx.MavenRuntimeClasspathProvider.addJarsFromBundle(MavenRuntimeClasspathProvider.java:81)
	at org.eclipse.m2e.editor.lemminx.MavenRuntimeClasspathProvider.get(MavenRuntimeClasspathProvider.java:66)
	at org.eclipse.m2e.editor.lemminx.MavenRuntimeClasspathProvider.get(MavenRuntimeClasspathProvider.java:1)
	at java.base/java.util.stream.ReferencePipeline$3$1.accept(ReferencePipeline.java:197)
	at java.base/java.util.stream.ReferencePipeline$3$1.accept(ReferencePipeline.java:197)
	at java.base/java.util.HashMap$EntrySpliterator.forEachRemaining(HashMap.java:1850)
	at java.base/java.util.stream.AbstractPipeline.copyInto(AbstractPipeline.java:509)
	at java.base/java.util.stream.AbstractPipeline.wrapAndCopyInto(AbstractPipeline.java:499)
	at java.base/java.util.stream.ForEachOps$ForEachOp.evaluateSequential(ForEachOps.java:150)
	at java.base/java.util.stream.ForEachOps$ForEachOp$OfRef.evaluateSequential(ForEachOps.java:173)
	at java.base/java.util.stream.AbstractPipeline.evaluate(AbstractPipeline.java:234)
	at java.base/java.util.stream.ReferencePipeline.forEach(ReferencePipeline.java:596)
	at org.eclipse.wildwebdeveloper.xml.internal.XMLExtensionRegistry.getXMLLSClassPathExtensions(XMLExtensionRegistry.java:81)
	at org.eclipse.wildwebdeveloper.xml.internal.XMLLanguageServer.getExtensionJarPaths(XMLLanguageServer.java:148)
	at org.eclipse.wildwebdeveloper.xml.internal.XMLLanguageServer.<init>(XMLLanguageServer.java:83)
	at java.base/jdk.internal.reflect.NativeConstructorAccessorImpl.newInstance0(Native Method)
	at java.base/jdk.internal.reflect.NativeConstructorAccessorImpl.newInstance(NativeConstructorAccessorImpl.java:77)
	at java.base/jdk.internal.reflect.DelegatingConstructorAccessorImpl.newInstance(DelegatingConstructorAccessorImpl.java:45)
	at java.base/java.lang.reflect.Constructor.newInstanceWithCaller(Constructor.java:499)
	at java.base/java.lang.reflect.Constructor.newInstance(Constructor.java:480)
	at org.eclipse.core.internal.registry.osgi.RegistryStrategyOSGI.createExecutableExtension(RegistryStrategyOSGI.java:204)
	at org.eclipse.core.internal.registry.ExtensionRegistry.createExecutableExtension(ExtensionRegistry.java:920)
	at org.eclipse.core.internal.registry.ConfigurationElement.createExecutableExtension(ConfigurationElement.java:246)
	at org.eclipse.core.internal.registry.ConfigurationElementHandle.createExecutableExtension(ConfigurationElementHandle.java:63)
	at org.eclipse.lsp4e.LanguageServersRegistry$ExtensionLanguageServerDefinition.createConnectionProvider(LanguageServersRegistry.java:147)
	at org.eclipse.lsp4e.LanguageServerWrapper.lambda$1(LanguageServerWrapper.java:222)
	at java.base/java.util.concurrent.CompletableFuture$AsyncSupply.run(CompletableFuture.java:1768)
	at java.base/java.util.concurrent.CompletableFuture$AsyncSupply.exec(CompletableFuture.java:1760)
	at java.base/java.util.concurrent.ForkJoinTask.doExec(ForkJoinTask.java:373)
	at java.base/java.util.concurrent.ForkJoinPool$WorkQueue.topLevelExec(ForkJoinPool.java:1182)
	at java.base/java.util.concurrent.ForkJoinPool.scan(ForkJoinPool.java:1655)
	at java.base/java.util.concurrent.ForkJoinPool.runWorker(ForkJoinPool.java:1622)
	at java.base/java.util.concurrent.ForkJoinWorkerThread.run(ForkJoinWorkerThread.java:165)
2022-07-09 11:09:17,046 [Worker-1: Loading available Gradle versions] INFO  o.e.b.c.i.u.g.PublishedGradleVersions - Gradle version information cache is up-to-date. Trying to read.
2022-07-09 11:09:22,285 [Worker-3: reload maven project] WARN  o.e.m.c.i.embedder.EclipseLogger - The POM for io.springfox:springfox-swagger-2:jar:3.0.0 is missing, no dependency information available
2022-07-09 11:10:33,146 [Worker-6: Building] INFO  o.e.m.c.i.embedder.EclipseLogger - Using 'UTF-8' encoding to copy filtered resources.
2022-07-09 11:10:33,146 [Worker-6: Building] INFO  o.e.m.c.i.embedder.EclipseLogger - Using 'UTF-8' encoding to copy filtered properties files.
2022-07-09 11:10:33,155 [Worker-6: Building] INFO  o.e.m.c.i.embedder.EclipseLogger - Copying 2 resources
2022-07-09 11:10:33,219 [Worker-6: Building] INFO  o.e.m.c.i.embedder.EclipseLogger - Copying 0 resource
2022-07-09 11:10:33,225 [Worker-6: Building] INFO  o.e.m.c.i.embedder.EclipseLogger - Using 'UTF-8' encoding to copy filtered resources.
2022-07-09 11:10:33,225 [Worker-6: Building] INFO  o.e.m.c.i.embedder.EclipseLogger - Using 'UTF-8' encoding to copy filtered properties files.
2022-07-09 11:10:33,226 [Worker-6: Building] INFO  o.e.m.c.i.embedder.EclipseLogger - skip non existing resourceDirectory C:\Users\Srashti Gupta\DOWNLOADS\HELLOSWAGGER\HELLOSWAGGER\src\test\resources
2022-07-09 11:10:35,460 [Worker-6: Building] INFO  o.e.m.c.i.l.LifecycleMappingFactory - Using org.eclipse.m2e.jdt.JarLifecycleMapping lifecycle mapping for MavenProject: com.user:user_service:0.0.1-SNAPSHOT @ D:\MICRO\microservices-crash-course-main (1)\microservices-crash-course-main\user_service\user_service\pom.xml.
2022-07-09 11:10:35,643 [Worker-6: Building] WARN  o.e.m.c.i.embedder.EclipseLogger - The POM for io.springfox:springfox-swagger-2:jar:3.0.0 is missing, no dependency information available
2022-07-09 11:10:36,327 [Worker-6: Building] INFO  o.e.m.c.i.embedder.EclipseLogger - Using 'UTF-8' encoding to copy filtered resources.
2022-07-09 11:10:36,327 [Worker-6: Building] INFO  o.e.m.c.i.embedder.EclipseLogger - Using 'UTF-8' encoding to copy filtered properties files.
2022-07-09 11:10:36,328 [Worker-6: Building] INFO  o.e.m.c.i.embedder.EclipseLogger - Copying 2 resources
2022-07-09 11:10:36,373 [Worker-6: Building] INFO  o.e.m.c.i.embedder.EclipseLogger - Copying 0 resource
2022-07-09 11:10:36,379 [Worker-6: Building] INFO  o.e.m.c.i.embedder.EclipseLogger - Using 'UTF-8' encoding to copy filtered resources.
2022-07-09 11:10:36,379 [Worker-6: Building] INFO  o.e.m.c.i.embedder.EclipseLogger - Using 'UTF-8' encoding to copy filtered properties files.
2022-07-09 11:10:36,379 [Worker-6: Building] INFO  o.e.m.c.i.embedder.EclipseLogger - skip non existing resourceDirectory D:\MICRO\microservices-crash-course-main (1)\microservices-crash-course-main\user_service\user_service\src\test\resources
2022-07-09 11:35:47,984 [Worker-14: Building] INFO  o.e.m.c.i.l.LifecycleMappingFactory - Using org.eclipse.m2e.jdt.JarLifecycleMapping lifecycle mapping for MavenProject: com.user:user_service:0.0.1-SNAPSHOT @ D:\MICRO\microservices-crash-course-main (1)\microservices-crash-course-main\user_service\user_service\pom.xml.
2022-07-09 11:35:48,713 [Worker-14: Building] INFO  o.e.m.c.i.embedder.EclipseLogger - Using 'UTF-8' encoding to copy filtered resources.
2022-07-09 11:35:48,713 [Worker-14: Building] INFO  o.e.m.c.i.embedder.EclipseLogger - Using 'UTF-8' encoding to copy filtered properties files.
2022-07-09 11:35:48,717 [Worker-14: Building] INFO  o.e.m.c.i.embedder.EclipseLogger - Copying 0 resource
2022-07-09 11:35:48,718 [Worker-14: Building] INFO  o.e.m.c.i.embedder.EclipseLogger - Copying 0 resource
2022-07-09 11:35:48,721 [Worker-14: Building] INFO  o.e.m.c.i.embedder.EclipseLogger - Using 'UTF-8' encoding to copy filtered resources.
2022-07-09 11:35:48,721 [Worker-14: Building] INFO  o.e.m.c.i.embedder.EclipseLogger - Using 'UTF-8' encoding to copy filtered properties files.
2022-07-09 11:35:48,721 [Worker-14: Building] INFO  o.e.m.c.i.embedder.EclipseLogger - skip non existing resourceDirectory D:\MICRO\microservices-crash-course-main (1)\microservices-crash-course-main\user_service\user_service\src\test\resources
2022-07-09 11:35:51,540 [Worker-14: Building] INFO  o.e.m.c.i.embedder.EclipseLogger - Using 'UTF-8' encoding to copy filtered resources.
2022-07-09 11:35:51,542 [Worker-14: Building] INFO  o.e.m.c.i.embedder.EclipseLogger - Using 'UTF-8' encoding to copy filtered properties files.
2022-07-09 11:35:51,589 [Worker-14: Building] INFO  o.e.m.c.i.embedder.EclipseLogger - Copying 2 resources
2022-07-09 11:35:51,694 [Worker-14: Building] INFO  o.e.m.c.i.embedder.EclipseLogger - Copying 0 resource
2022-07-09 11:35:51,699 [Worker-14: Building] INFO  o.e.m.c.i.embedder.EclipseLogger - Using 'UTF-8' encoding to copy filtered resources.
2022-07-09 11:35:51,700 [Worker-14: Building] INFO  o.e.m.c.i.embedder.EclipseLogger - Using 'UTF-8' encoding to copy filtered properties files.
2022-07-09 11:35:51,700 [Worker-14: Building] INFO  o.e.m.c.i.embedder.EclipseLogger - skip non existing resourceDirectory D:\MICRO\microservices-crash-course-main (1)\microservices-crash-course-main\user_service\user_service\src\test\resources
2022-07-09 11:42:40,715 [Worker-16: Building] INFO  o.e.m.c.i.l.LifecycleMappingFactory - Using org.eclipse.m2e.jdt.JarLifecycleMapping lifecycle mapping for MavenProject: com.user:user_service:0.0.1-SNAPSHOT @ D:\MICRO\microservices-crash-course-main (1)\microservices-crash-course-main\user_service\user_service\pom.xml.
2022-07-09 11:42:43,083 [Worker-16: Building] INFO  o.e.m.c.i.e.AbstractTransferListenerAdapter - Downloading https://repo.maven.apache.org/maven2/io/springfox/springfox-swagger2/3.0.0/springfox-swagger2-3.0.0.pom
2022-07-09 11:42:43,761 [Worker-16: Building] INFO  o.e.m.c.i.e.AbstractTransferListenerAdapter - Downloaded https://repo.maven.apache.org/maven2/io/springfox/springfox-swagger2/3.0.0/springfox-swagger2-3.0.0.pom
2022-07-09 11:42:44,510 [Worker-16: Building] INFO  o.e.m.c.i.e.AbstractTransferListenerAdapter - Downloading https://repo.maven.apache.org/maven2/io/springfox/springfox-swagger-common/3.0.0/springfox-swagger-common-3.0.0.pom
2022-07-09 11:42:44,920 [Worker-16: Building] INFO  o.e.m.c.i.e.AbstractTransferListenerAdapter - Downloaded https://repo.maven.apache.org/maven2/io/springfox/springfox-swagger-common/3.0.0/springfox-swagger-common-3.0.0.pom
2022-07-09 11:42:45,381 [Worker-16: Building] INFO  o.e.m.c.i.e.AbstractTransferListenerAdapter - Downloading https://repo.maven.apache.org/maven2/io/swagger/core/v3/swagger-annotations/2.1.2/swagger-annotations-2.1.2.pom
2022-07-09 11:42:45,764 [Worker-16: Building] INFO  o.e.m.c.i.e.AbstractTransferListenerAdapter - Downloaded https://repo.maven.apache.org/maven2/io/swagger/core/v3/swagger-annotations/2.1.2/swagger-annotations-2.1.2.pom
2022-07-09 11:42:46,066 [Worker-16: Building] INFO  o.e.m.c.i.e.AbstractTransferListenerAdapter - Downloading https://repo.maven.apache.org/maven2/io/swagger/core/v3/swagger-project/2.1.2/swagger-project-2.1.2.pom
2022-07-09 11:42:46,461 [Worker-16: Building] INFO  o.e.m.c.i.e.AbstractTransferListenerAdapter - Downloaded https://repo.maven.apache.org/maven2/io/swagger/core/v3/swagger-project/2.1.2/swagger-project-2.1.2.pom
2022-07-09 11:42:46,763 [Worker-16: Building] INFO  o.e.m.c.i.e.AbstractTransferListenerAdapter - Downloading https://repo.maven.apache.org/maven2/io/springfox/springfox-spring-webflux/3.0.0/springfox-spring-webflux-3.0.0.pom
2022-07-09 11:42:47,101 [Worker-16: Building] INFO  o.e.m.c.i.e.AbstractTransferListenerAdapter - Downloaded https://repo.maven.apache.org/maven2/io/springfox/springfox-spring-webflux/3.0.0/springfox-spring-webflux-3.0.0.pom
2022-07-09 11:42:47,399 [Worker-16: Building] INFO  o.e.m.c.i.e.AbstractTransferListenerAdapter - Downloading https://repo.maven.apache.org/maven2/org/mapstruct/mapstruct/1.3.1.Final/mapstruct-1.3.1.Final.pom
2022-07-09 11:42:47,806 [Worker-16: Building] INFO  o.e.m.c.i.e.AbstractTransferListenerAdapter - Downloaded https://repo.maven.apache.org/maven2/org/mapstruct/mapstruct/1.3.1.Final/mapstruct-1.3.1.Final.pom
2022-07-09 11:42:48,106 [Worker-16: Building] INFO  o.e.m.c.i.e.AbstractTransferListenerAdapter - Downloading https://repo.maven.apache.org/maven2/org/mapstruct/mapstruct-parent/1.3.1.Final/mapstruct-parent-1.3.1.Final.pom
2022-07-09 11:42:48,547 [Worker-16: Building] INFO  o.e.m.c.i.e.AbstractTransferListenerAdapter - Downloaded https://repo.maven.apache.org/maven2/org/mapstruct/mapstruct-parent/1.3.1.Final/mapstruct-parent-1.3.1.Final.pom
2022-07-09 11:42:49,414 [AetherRepositoryConnector-repo.maven.apache.org-0-0] INFO  o.e.m.c.i.e.AbstractTransferListenerAdapter - Downloading https://repo.maven.apache.org/maven2/io/springfox/springfox-swagger2/3.0.0/springfox-swagger2-3.0.0.jar
2022-07-09 11:42:49,759 [AetherRepositoryConnector-repo.maven.apache.org-0-4] INFO  o.e.m.c.i.e.AbstractTransferListenerAdapter - Downloading https://repo.maven.apache.org/maven2/org/mapstruct/mapstruct/1.3.1.Final/mapstruct-1.3.1.Final.jar
2022-07-09 11:42:49,776 [AetherRepositoryConnector-repo.maven.apache.org-0-3] INFO  o.e.m.c.i.e.AbstractTransferListenerAdapter - Downloading https://repo.maven.apache.org/maven2/io/springfox/springfox-spring-webflux/3.0.0/springfox-spring-webflux-3.0.0.jar
2022-07-09 11:42:49,799 [AetherRepositoryConnector-repo.maven.apache.org-0-1] INFO  o.e.m.c.i.e.AbstractTransferListenerAdapter - Downloading https://repo.maven.apache.org/maven2/io/springfox/springfox-swagger-common/3.0.0/springfox-swagger-common-3.0.0.jar
2022-07-09 11:42:49,799 [AetherRepositoryConnector-repo.maven.apache.org-0-2] INFO  o.e.m.c.i.e.AbstractTransferListenerAdapter - Downloading https://repo.maven.apache.org/maven2/io/swagger/core/v3/swagger-annotations/2.1.2/swagger-annotations-2.1.2.jar
2022-07-09 11:42:50,094 [AetherRepositoryConnector-repo.maven.apache.org-0-0] INFO  o.e.m.c.i.e.AbstractTransferListenerAdapter - Downloaded https://repo.maven.apache.org/maven2/io/springfox/springfox-swagger2/3.0.0/springfox-swagger2-3.0.0.jar
2022-07-09 11:42:50,270 [AetherRepositoryConnector-repo.maven.apache.org-0-3] INFO  o.e.m.c.i.e.AbstractTransferListenerAdapter - Downloaded https://repo.maven.apache.org/maven2/io/springfox/springfox-spring-webflux/3.0.0/springfox-spring-webflux-3.0.0.jar
2022-07-09 11:42:50,571 [AetherRepositoryConnector-repo.maven.apache.org-0-4] INFO  o.e.m.c.i.e.AbstractTransferListenerAdapter - Downloaded https://repo.maven.apache.org/maven2/org/mapstruct/mapstruct/1.3.1.Final/mapstruct-1.3.1.Final.jar
2022-07-09 11:42:50,572 [AetherRepositoryConnector-repo.maven.apache.org-0-1] INFO  o.e.m.c.i.e.AbstractTransferListenerAdapter - Downloaded https://repo.maven.apache.org/maven2/io/springfox/springfox-swagger-common/3.0.0/springfox-swagger-common-3.0.0.jar
2022-07-09 11:42:50,901 [AetherRepositoryConnector-repo.maven.apache.org-0-2] INFO  o.e.m.c.i.e.AbstractTransferListenerAdapter - Downloaded https://repo.maven.apache.org/maven2/io/swagger/core/v3/swagger-annotations/2.1.2/swagger-annotations-2.1.2.jar
2022-07-09 11:42:53,354 [Worker-16: Building] INFO  o.e.m.c.i.embedder.EclipseLogger - Using 'UTF-8' encoding to copy filtered resources.
2022-07-09 11:42:53,354 [Worker-16: Building] INFO  o.e.m.c.i.embedder.EclipseLogger - Using 'UTF-8' encoding to copy filtered properties files.
2022-07-09 11:42:53,355 [Worker-16: Building] INFO  o.e.m.c.i.embedder.EclipseLogger - Copying 0 resource
2022-07-09 11:42:53,355 [Worker-16: Building] INFO  o.e.m.c.i.embedder.EclipseLogger - Copying 0 resource
2022-07-09 11:42:53,360 [Worker-16: Building] INFO  o.e.m.c.i.embedder.EclipseLogger - Using 'UTF-8' encoding to copy filtered resources.
2022-07-09 11:42:53,360 [Worker-16: Building] INFO  o.e.m.c.i.embedder.EclipseLogger - Using 'UTF-8' encoding to copy filtered properties files.
2022-07-09 11:42:53,361 [Worker-16: Building] INFO  o.e.m.c.i.embedder.EclipseLogger - skip non existing resourceDirectory D:\MICRO\microservices-crash-course-main (1)\microservices-crash-course-main\user_service\user_service\src\test\resources
2022-07-09 11:42:55,752 [Worker-20: Building] INFO  o.e.m.c.i.embedder.EclipseLogger - Using 'UTF-8' encoding to copy filtered resources.
2022-07-09 11:42:55,752 [Worker-20: Building] INFO  o.e.m.c.i.embedder.EclipseLogger - Using 'UTF-8' encoding to copy filtered properties files.
2022-07-09 11:42:55,753 [Worker-20: Building] INFO  o.e.m.c.i.embedder.EclipseLogger - Copying 2 resources
2022-07-09 11:42:55,759 [Worker-20: Building] INFO  o.e.m.c.i.embedder.EclipseLogger - Copying 0 resource
2022-07-09 11:42:55,766 [Worker-20: Building] INFO  o.e.m.c.i.embedder.EclipseLogger - Using 'UTF-8' encoding to copy filtered resources.
2022-07-09 11:42:55,766 [Worker-20: Building] INFO  o.e.m.c.i.embedder.EclipseLogger - Using 'UTF-8' encoding to copy filtered properties files.
2022-07-09 11:42:55,767 [Worker-20: Building] INFO  o.e.m.c.i.embedder.EclipseLogger - skip non existing resourceDirectory D:\MICRO\microservices-crash-course-main (1)\microservices-crash-course-main\user_service\user_service\src\test\resources
2022-07-09 11:42:56,042 [Worker-18: Download sources and javadoc] INFO  o.e.m.c.i.e.AbstractTransferListenerAdapter - Downloading https://repo.maven.apache.org/maven2/io/springfox/springfox-swagger2/3.0.0/springfox-swagger2-3.0.0-sources.jar
2022-07-09 11:42:56,636 [Worker-18: Download sources and javadoc] INFO  o.e.m.c.i.e.AbstractTransferListenerAdapter - Downloaded https://repo.maven.apache.org/maven2/io/springfox/springfox-swagger2/3.0.0/springfox-swagger2-3.0.0-sources.jar
2022-07-09 11:42:56,852 [Worker-18: Download sources and javadoc] INFO  o.e.m.j.internal.DownloadSourcesJob - Downloaded sources for io.springfox:springfox-swagger2:3.0.0
2022-07-09 11:42:58,035 [Worker-18: Download sources and javadoc] INFO  o.e.m.c.i.e.AbstractTransferListenerAdapter - Downloading https://repo.maven.apache.org/maven2/io/springfox/springfox-swagger-common/3.0.0/springfox-swagger-common-3.0.0-sources.jar
2022-07-09 11:42:58,696 [Worker-18: Download sources and javadoc] INFO  o.e.m.c.i.e.AbstractTransferListenerAdapter - Downloaded https://repo.maven.apache.org/maven2/io/springfox/springfox-swagger-common/3.0.0/springfox-swagger-common-3.0.0-sources.jar
2022-07-09 11:42:58,795 [Worker-18: Download sources and javadoc] INFO  o.e.m.j.internal.DownloadSourcesJob - Downloaded sources for io.springfox:springfox-swagger-common:3.0.0
2022-07-09 11:43:00,028 [Worker-18: Download sources and javadoc] INFO  o.e.m.c.i.e.AbstractTransferListenerAdapter - Downloading https://repo.maven.apache.org/maven2/io/swagger/core/v3/swagger-annotations/2.1.2/swagger-annotations-2.1.2-sources.jar
2022-07-09 11:43:00,672 [Worker-18: Download sources and javadoc] INFO  o.e.m.c.i.e.AbstractTransferListenerAdapter - Downloaded https://repo.maven.apache.org/maven2/io/swagger/core/v3/swagger-annotations/2.1.2/swagger-annotations-2.1.2-sources.jar
2022-07-09 11:43:00,764 [Worker-18: Download sources and javadoc] INFO  o.e.m.j.internal.DownloadSourcesJob - Downloaded sources for io.swagger.core.v3:swagger-annotations:2.1.2
2022-07-09 11:43:01,981 [Worker-18: Download sources and javadoc] INFO  o.e.m.c.i.e.AbstractTransferListenerAdapter - Downloading https://repo.maven.apache.org/maven2/io/springfox/springfox-spring-webflux/3.0.0/springfox-spring-webflux-3.0.0-sources.jar
2022-07-09 11:43:02,573 [Worker-18: Download sources and javadoc] INFO  o.e.m.c.i.e.AbstractTransferListenerAdapter - Downloaded https://repo.maven.apache.org/maven2/io/springfox/springfox-spring-webflux/3.0.0/springfox-spring-webflux-3.0.0-sources.jar
2022-07-09 11:43:02,769 [Worker-18: Download sources and javadoc] INFO  o.e.m.j.internal.DownloadSourcesJob - Downloaded sources for io.springfox:springfox-spring-webflux:3.0.0
2022-07-09 11:43:03,888 [Worker-18: Download sources and javadoc] INFO  o.e.m.c.i.e.AbstractTransferListenerAdapter - Downloading https://repo.maven.apache.org/maven2/org/mapstruct/mapstruct/1.3.1.Final/mapstruct-1.3.1.Final-sources.jar
2022-07-09 11:43:04,789 [Worker-18: Download sources and javadoc] INFO  o.e.m.c.i.e.AbstractTransferListenerAdapter - Downloaded https://repo.maven.apache.org/maven2/org/mapstruct/mapstruct/1.3.1.Final/mapstruct-1.3.1.Final-sources.jar
2022-07-09 11:43:05,086 [Worker-18: Download sources and javadoc] INFO  o.e.m.j.internal.DownloadSourcesJob - Downloaded sources for org.mapstruct:mapstruct:1.3.1.Final
2022-07-09 11:43:05,453 [Worker-20: Building] INFO  o.e.m.c.i.embedder.EclipseLogger - Using 'UTF-8' encoding to copy filtered resources.
2022-07-09 11:43:05,453 [Worker-20: Building] INFO  o.e.m.c.i.embedder.EclipseLogger - Using 'UTF-8' encoding to copy filtered properties files.
2022-07-09 11:43:05,454 [Worker-20: Building] INFO  o.e.m.c.i.embedder.EclipseLogger - Copying 0 resource
2022-07-09 11:43:05,454 [Worker-20: Building] INFO  o.e.m.c.i.embedder.EclipseLogger - Copying 0 resource
2022-07-09 11:43:05,456 [Worker-20: Building] INFO  o.e.m.c.i.embedder.EclipseLogger - Using 'UTF-8' encoding to copy filtered resources.
2022-07-09 11:43:05,457 [Worker-20: Building] INFO  o.e.m.c.i.embedder.EclipseLogger - Using 'UTF-8' encoding to copy filtered properties files.
2022-07-09 11:43:05,457 [Worker-20: Building] INFO  o.e.m.c.i.embedder.EclipseLogger - skip non existing resourceDirectory D:\MICRO\microservices-crash-course-main (1)\microservices-crash-course-main\user_service\user_service\src\test\resources
2022-07-09 11:52:05,982 [Worker-22: Building] INFO  o.e.m.c.i.embedder.EclipseLogger - Using 'UTF-8' encoding to copy filtered resources.
2022-07-09 11:52:05,989 [Worker-22: Building] INFO  o.e.m.c.i.embedder.EclipseLogger - Using 'UTF-8' encoding to copy filtered properties files.
2022-07-09 11:52:06,001 [Worker-22: Building] INFO  o.e.m.c.i.embedder.EclipseLogger - Copying 2 resources
2022-07-09 11:52:06,275 [Worker-22: Building] INFO  o.e.m.c.i.embedder.EclipseLogger - Copying 0 resource
2022-07-09 11:52:06,289 [Worker-22: Building] INFO  o.e.m.c.i.embedder.EclipseLogger - Using 'UTF-8' encoding to copy filtered resources.
2022-07-09 11:52:06,289 [Worker-22: Building] INFO  o.e.m.c.i.embedder.EclipseLogger - Using 'UTF-8' encoding to copy filtered properties files.
2022-07-09 11:52:06,290 [Worker-22: Building] INFO  o.e.m.c.i.embedder.EclipseLogger - skip non existing resourceDirectory D:\MICRO\microservices-crash-course-main (1)\microservices-crash-course-main\user_service\user_service\src\test\resources
2022-07-09 11:52:51,678 [Worker-21: Launching user_service - UserServiceApplication] INFO  o.e.m.c.i.l.LifecycleMappingFactory - Using org.eclipse.m2e.jdt.JarLifecycleMapping lifecycle mapping for MavenProject: com.user:user_service:0.0.1-SNAPSHOT @ D:\MICRO\microservices-crash-course-main (1)\microservices-crash-course-main\user_service\user_service\pom.xml.
2022-07-09 11:52:53,045 [Worker-21: Launching user_service - UserServiceApplication] INFO  o.e.m.c.i.embedder.EclipseLogger - Using 'UTF-8' encoding to copy filtered resources.
2022-07-09 11:52:53,045 [Worker-21: Launching user_service - UserServiceApplication] INFO  o.e.m.c.i.embedder.EclipseLogger - Using 'UTF-8' encoding to copy filtered properties files.
2022-07-09 11:52:53,046 [Worker-21: Launching user_service - UserServiceApplication] INFO  o.e.m.c.i.embedder.EclipseLogger - Copying 2 resources
2022-07-09 11:52:53,090 [Worker-21: Launching user_service - UserServiceApplication] INFO  o.e.m.c.i.embedder.EclipseLogger - Copying 0 resource
2022-07-09 11:52:53,094 [Worker-21: Launching user_service - UserServiceApplication] INFO  o.e.m.c.i.embedder.EclipseLogger - Using 'UTF-8' encoding to copy filtered resources.
2022-07-09 11:52:53,094 [Worker-21: Launching user_service - UserServiceApplication] INFO  o.e.m.c.i.embedder.EclipseLogger - Using 'UTF-8' encoding to copy filtered properties files.
2022-07-09 11:52:53,094 [Worker-21: Launching user_service - UserServiceApplication] INFO  o.e.m.c.i.embedder.EclipseLogger - skip non existing resourceDirectory D:\MICRO\microservices-crash-course-main (1)\microservices-crash-course-main\user_service\user_service\src\test\resources
2022-07-09 11:59:01,310 [Worker-30: Building] INFO  o.e.m.c.i.embedder.EclipseLogger - Using 'UTF-8' encoding to copy filtered resources.
2022-07-09 11:59:01,311 [Worker-30: Building] INFO  o.e.m.c.i.embedder.EclipseLogger - Using 'UTF-8' encoding to copy filtered properties files.
2022-07-09 11:59:01,313 [Worker-30: Building] INFO  o.e.m.c.i.embedder.EclipseLogger - Copying 2 resources
2022-07-09 11:59:01,391 [Worker-30: Building] INFO  o.e.m.c.i.embedder.EclipseLogger - Copying 0 resource
2022-07-09 11:59:01,397 [Worker-30: Building] INFO  o.e.m.c.i.embedder.EclipseLogger - Using 'UTF-8' encoding to copy filtered resources.
2022-07-09 11:59:01,397 [Worker-30: Building] INFO  o.e.m.c.i.embedder.EclipseLogger - Using 'UTF-8' encoding to copy filtered properties files.
2022-07-09 11:59:01,397 [Worker-30: Building] INFO  o.e.m.c.i.embedder.EclipseLogger - skip non existing resourceDirectory D:\MICRO\microservices-crash-course-main (1)\microservices-crash-course-main\user_service\user_service\src\test\resources
2022-07-09 12:00:37,935 [Worker-26: Building] INFO  o.e.m.c.i.embedder.EclipseLogger - Using 'UTF-8' encoding to copy filtered resources.
2022-07-09 12:00:37,940 [Worker-26: Building] INFO  o.e.m.c.i.embedder.EclipseLogger - Using 'UTF-8' encoding to copy filtered properties files.
2022-07-09 12:00:37,942 [Worker-26: Building] INFO  o.e.m.c.i.embedder.EclipseLogger - Copying 2 resources
2022-07-09 12:00:37,967 [Worker-26: Building] INFO  o.e.m.c.i.embedder.EclipseLogger - Copying 0 resource
2022-07-09 12:00:37,976 [Worker-26: Building] INFO  o.e.m.c.i.embedder.EclipseLogger - Using 'UTF-8' encoding to copy filtered resources.
2022-07-09 12:00:37,977 [Worker-26: Building] INFO  o.e.m.c.i.embedder.EclipseLogger - Using 'UTF-8' encoding to copy filtered properties files.
2022-07-09 12:00:37,977 [Worker-26: Building] INFO  o.e.m.c.i.embedder.EclipseLogger - skip non existing resourceDirectory C:\Users\Srashti Gupta\DOWNLOADS\HELLOSWAGGER\HELLOSWAGGER\src\test\resources
2022-07-09 12:00:38,216 [Worker-26: Building] INFO  o.e.m.c.i.embedder.EclipseLogger - Using 'UTF-8' encoding to copy filtered resources.
2022-07-09 12:00:38,217 [Worker-26: Building] INFO  o.e.m.c.i.embedder.EclipseLogger - Using 'UTF-8' encoding to copy filtered properties files.
2022-07-09 12:00:38,217 [Worker-26: Building] INFO  o.e.m.c.i.embedder.EclipseLogger - Copying 2 resources
2022-07-09 12:00:38,220 [Worker-26: Building] INFO  o.e.m.c.i.embedder.EclipseLogger - Copying 0 resource
2022-07-09 12:00:38,224 [Worker-26: Building] INFO  o.e.m.c.i.embedder.EclipseLogger - Using 'UTF-8' encoding to copy filtered resources.
2022-07-09 12:00:38,224 [Worker-26: Building] INFO  o.e.m.c.i.embedder.EclipseLogger - Using 'UTF-8' encoding to copy filtered properties files.
2022-07-09 12:00:38,224 [Worker-26: Building] INFO  o.e.m.c.i.embedder.EclipseLogger - skip non existing resourceDirectory D:\MICRO\microservices-crash-course-main (1)\microservices-crash-course-main\user_service\user_service\src\test\resources
2022-07-09 12:04:32,252 [Worker-19: Launching Executing install in C__Users_Srashti Gupta_DOWNLOADS_HELLOSWAGGER_HELLOSWAGGER] INFO  o.e.m.i.launch.MavenLaunchDelegate - C:\Users\Srashti Gupta\DOWNLOADS\HELLOSWAGGER\HELLOSWAGGER
2022-07-09 12:04:32,260 [Worker-19: Launching Executing install in C__Users_Srashti Gupta_DOWNLOADS_HELLOSWAGGER_HELLOSWAGGER] INFO  o.e.m.i.launch.MavenLaunchDelegate -  mvn -B install -Dstyle.color=always
2022-07-09 12:06:15,579 [Worker-26: Building] INFO  o.e.m.c.i.embedder.EclipseLogger - Using 'UTF-8' encoding to copy filtered resources.
2022-07-09 12:06:15,580 [Worker-26: Building] INFO  o.e.m.c.i.embedder.EclipseLogger - Using 'UTF-8' encoding to copy filtered properties files.
2022-07-09 12:06:15,581 [Worker-26: Building] INFO  o.e.m.c.i.embedder.EclipseLogger - Copying 2 resources
2022-07-09 12:06:15,590 [Worker-26: Building] INFO  o.e.m.c.i.embedder.EclipseLogger - Copying 0 resource
2022-07-09 12:06:15,594 [Worker-26: Building] INFO  o.e.m.c.i.embedder.EclipseLogger - Using 'UTF-8' encoding to copy filtered resources.
2022-07-09 12:06:15,594 [Worker-26: Building] INFO  o.e.m.c.i.embedder.EclipseLogger - Using 'UTF-8' encoding to copy filtered properties files.
2022-07-09 12:06:15,595 [Worker-26: Building] INFO  o.e.m.c.i.embedder.EclipseLogger - skip non existing resourceDirectory C:\Users\Srashti Gupta\DOWNLOADS\HELLOSWAGGER\HELLOSWAGGER\src\test\resources
2022-07-09 12:06:15,982 [Worker-26: Building] INFO  o.e.m.c.i.embedder.EclipseLogger - Using 'UTF-8' encoding to copy filtered resources.
2022-07-09 12:06:15,982 [Worker-26: Building] INFO  o.e.m.c.i.embedder.EclipseLogger - Using 'UTF-8' encoding to copy filtered properties files.
2022-07-09 12:06:15,982 [Worker-26: Building] INFO  o.e.m.c.i.embedder.EclipseLogger - Copying 2 resources
2022-07-09 12:06:15,986 [Worker-26: Building] INFO  o.e.m.c.i.embedder.EclipseLogger - Copying 0 resource
2022-07-09 12:06:15,994 [Worker-26: Building] INFO  o.e.m.c.i.embedder.EclipseLogger - Using 'UTF-8' encoding to copy filtered resources.
2022-07-09 12:06:15,994 [Worker-26: Building] INFO  o.e.m.c.i.embedder.EclipseLogger - Using 'UTF-8' encoding to copy filtered properties files.
2022-07-09 12:06:15,994 [Worker-26: Building] INFO  o.e.m.c.i.embedder.EclipseLogger - skip non existing resourceDirectory D:\MICRO\microservices-crash-course-main (1)\microservices-crash-course-main\user_service\user_service\src\test\resources
2022-07-09 12:07:14,359 [Worker-32: Building] INFO  o.e.m.c.i.embedder.EclipseLogger - Using 'UTF-8' encoding to copy filtered resources.
2022-07-09 12:07:14,359 [Worker-32: Building] INFO  o.e.m.c.i.embedder.EclipseLogger - Using 'UTF-8' encoding to copy filtered properties files.
2022-07-09 12:07:14,363 [Worker-32: Building] INFO  o.e.m.c.i.embedder.EclipseLogger - Copying 1 resource
2022-07-09 12:07:14,394 [Worker-32: Building] INFO  o.e.m.c.i.embedder.EclipseLogger - Copying 0 resource
2022-07-09 12:07:14,397 [Worker-32: Building] INFO  o.e.m.c.i.embedder.EclipseLogger - Using 'UTF-8' encoding to copy filtered resources.
2022-07-09 12:07:14,398 [Worker-32: Building] INFO  o.e.m.c.i.embedder.EclipseLogger - Using 'UTF-8' encoding to copy filtered properties files.
2022-07-09 12:07:14,398 [Worker-32: Building] INFO  o.e.m.c.i.embedder.EclipseLogger - skip non existing resourceDirectory D:\MICRO\microservices-crash-course-main (1)\microservices-crash-course-main\user_service\user_service\src\test\resources
2022-07-09 12:23:53,584 [Worker-0: Loading available Gradle versions] INFO  o.e.b.c.i.u.g.PublishedGradleVersions - Gradle version information cache is up-to-date. Trying to read.
2022-07-09 12:24:08,949 [ForkJoinPool.commonPool-worker-2] ERROR o.e.m.e.l.MavenRuntimeClasspathProvider - Illegal character in path at index 22: file:/C:/Users/Srashti Gupta/DOWNLOADS/sts-4.14.1.RELEASE/plugins/org.eclipse.m2e.maven.runtime_1.18.3.20220227-1319/jars/
java.net.URISyntaxException: Illegal character in path at index 22: file:/C:/Users/Srashti Gupta/DOWNLOADS/sts-4.14.1.RELEASE/plugins/org.eclipse.m2e.maven.runtime_1.18.3.20220227-1319/jars/
	at java.base/java.net.URI$Parser.fail(URI.java:2974)
	at java.base/java.net.URI$Parser.checkChars(URI.java:3145)
	at java.base/java.net.URI$Parser.parseHierarchical(URI.java:3227)
	at java.base/java.net.URI$Parser.parse(URI.java:3175)
	at java.base/java.net.URI.<init>(URI.java:623)
	at java.base/java.net.URL.toURI(URL.java:1056)
	at org.eclipse.m2e.editor.lemminx.MavenRuntimeClasspathProvider.addJarsFromBundle(MavenRuntimeClasspathProvider.java:81)
	at org.eclipse.m2e.editor.lemminx.MavenRuntimeClasspathProvider.get(MavenRuntimeClasspathProvider.java:66)
	at org.eclipse.m2e.editor.lemminx.MavenRuntimeClasspathProvider.get(MavenRuntimeClasspathProvider.java:1)
	at java.base/java.util.stream.ReferencePipeline$3$1.accept(ReferencePipeline.java:197)
	at java.base/java.util.stream.ReferencePipeline$3$1.accept(ReferencePipeline.java:197)
	at java.base/java.util.HashMap$EntrySpliterator.forEachRemaining(HashMap.java:1850)
	at java.base/java.util.stream.AbstractPipeline.copyInto(AbstractPipeline.java:509)
	at java.base/java.util.stream.AbstractPipeline.wrapAndCopyInto(AbstractPipeline.java:499)
	at java.base/java.util.stream.ForEachOps$ForEachOp.evaluateSequential(ForEachOps.java:150)
	at java.base/java.util.stream.ForEachOps$ForEachOp$OfRef.evaluateSequential(ForEachOps.java:173)
	at java.base/java.util.stream.AbstractPipeline.evaluate(AbstractPipeline.java:234)
	at java.base/java.util.stream.ReferencePipeline.forEach(ReferencePipeline.java:596)
	at org.eclipse.wildwebdeveloper.xml.internal.XMLExtensionRegistry.getXMLLSClassPathExtensions(XMLExtensionRegistry.java:81)
	at org.eclipse.wildwebdeveloper.xml.internal.XMLLanguageServer.getExtensionJarPaths(XMLLanguageServer.java:148)
	at org.eclipse.wildwebdeveloper.xml.internal.XMLLanguageServer.<init>(XMLLanguageServer.java:83)
	at java.base/jdk.internal.reflect.NativeConstructorAccessorImpl.newInstance0(Native Method)
	at java.base/jdk.internal.reflect.NativeConstructorAccessorImpl.newInstance(NativeConstructorAccessorImpl.java:77)
	at java.base/jdk.internal.reflect.DelegatingConstructorAccessorImpl.newInstance(DelegatingConstructorAccessorImpl.java:45)
	at java.base/java.lang.reflect.Constructor.newInstanceWithCaller(Constructor.java:499)
	at java.base/java.lang.reflect.Constructor.newInstance(Constructor.java:480)
	at org.eclipse.core.internal.registry.osgi.RegistryStrategyOSGI.createExecutableExtension(RegistryStrategyOSGI.java:204)
	at org.eclipse.core.internal.registry.ExtensionRegistry.createExecutableExtension(ExtensionRegistry.java:920)
	at org.eclipse.core.internal.registry.ConfigurationElement.createExecutableExtension(ConfigurationElement.java:246)
	at org.eclipse.core.internal.registry.ConfigurationElementHandle.createExecutableExtension(ConfigurationElementHandle.java:63)
	at org.eclipse.lsp4e.LanguageServersRegistry$ExtensionLanguageServerDefinition.createConnectionProvider(LanguageServersRegistry.java:147)
	at org.eclipse.lsp4e.LanguageServerWrapper.lambda$1(LanguageServerWrapper.java:222)
	at java.base/java.util.concurrent.CompletableFuture$AsyncSupply.run(CompletableFuture.java:1768)
	at java.base/java.util.concurrent.CompletableFuture$AsyncSupply.exec(CompletableFuture.java:1760)
	at java.base/java.util.concurrent.ForkJoinTask.doExec(ForkJoinTask.java:373)
	at java.base/java.util.concurrent.ForkJoinPool$WorkQueue.topLevelExec(ForkJoinPool.java:1182)
	at java.base/java.util.concurrent.ForkJoinPool.scan(ForkJoinPool.java:1655)
	at java.base/java.util.concurrent.ForkJoinPool.runWorker(ForkJoinPool.java:1622)
	at java.base/java.util.concurrent.ForkJoinWorkerThread.run(ForkJoinWorkerThread.java:165)
2022-07-09 12:24:49,084 [Worker-4: Building] INFO  o.e.m.c.i.l.LifecycleMappingFactory - Using org.eclipse.m2e.jdt.JarLifecycleMapping lifecycle mapping for MavenProject: com.user:user_service:0.0.1-SNAPSHOT @ D:\MICRO\microservices-crash-course-main (1)\microservices-crash-course-main\user_service\user_service\pom.xml.
2022-07-09 12:24:51,152 [Worker-4: Building] INFO  o.e.m.c.i.embedder.EclipseLogger - Using 'UTF-8' encoding to copy filtered resources.
2022-07-09 12:24:51,152 [Worker-4: Building] INFO  o.e.m.c.i.embedder.EclipseLogger - Using 'UTF-8' encoding to copy filtered properties files.
2022-07-09 12:24:51,159 [Worker-4: Building] INFO  o.e.m.c.i.embedder.EclipseLogger - Copying 2 resources
2022-07-09 12:24:51,197 [Worker-4: Building] INFO  o.e.m.c.i.embedder.EclipseLogger - Copying 0 resource
2022-07-09 12:24:51,202 [Worker-4: Building] INFO  o.e.m.c.i.embedder.EclipseLogger - Using 'UTF-8' encoding to copy filtered resources.
2022-07-09 12:24:51,202 [Worker-4: Building] INFO  o.e.m.c.i.embedder.EclipseLogger - Using 'UTF-8' encoding to copy filtered properties files.
2022-07-09 12:24:51,202 [Worker-4: Building] INFO  o.e.m.c.i.embedder.EclipseLogger - skip non existing resourceDirectory D:\MICRO\microservices-crash-course-main (1)\microservices-crash-course-main\user_service\user_service\src\test\resources
2022-07-09 12:24:54,196 [Worker-5: Building] INFO  o.e.m.c.i.embedder.EclipseLogger - Using 'UTF-8' encoding to copy filtered resources.
2022-07-09 12:24:54,197 [Worker-5: Building] INFO  o.e.m.c.i.embedder.EclipseLogger - Using 'UTF-8' encoding to copy filtered properties files.
2022-07-09 12:24:54,200 [Worker-5: Building] INFO  o.e.m.c.i.embedder.EclipseLogger - Copying 2 resources
2022-07-09 12:24:54,208 [Worker-5: Building] INFO  o.e.m.c.i.embedder.EclipseLogger - Copying 0 resource
2022-07-09 12:24:54,215 [Worker-5: Building] INFO  o.e.m.c.i.embedder.EclipseLogger - Using 'UTF-8' encoding to copy filtered resources.
2022-07-09 12:24:54,215 [Worker-5: Building] INFO  o.e.m.c.i.embedder.EclipseLogger - Using 'UTF-8' encoding to copy filtered properties files.
2022-07-09 12:24:54,216 [Worker-5: Building] INFO  o.e.m.c.i.embedder.EclipseLogger - skip non existing resourceDirectory D:\MICRO\microservices-crash-course-main (1)\microservices-crash-course-main\user_service\user_service\src\test\resources
2022-07-09 12:38:14,436 [Worker-9: Updating Maven Project] INFO  o.e.m.c.i.p.ProjectConfigurationManager - Update started
2022-07-09 12:38:14,459 [Worker-9: Updating Maven Project] INFO  o.e.m.c.i.p.ProjectConfigurationManager - Update completed: 0 sec
2022-07-09 12:42:03,948 [Worker-13: Building] INFO  o.e.m.c.i.embedder.EclipseLogger - Using 'UTF-8' encoding to copy filtered resources.
2022-07-09 12:42:03,949 [Worker-13: Building] INFO  o.e.m.c.i.embedder.EclipseLogger - Using 'UTF-8' encoding to copy filtered properties files.
2022-07-09 12:42:03,953 [Worker-13: Building] INFO  o.e.m.c.i.embedder.EclipseLogger - Copying 1 resource
2022-07-09 12:42:04,103 [Worker-13: Building] INFO  o.e.m.c.i.embedder.EclipseLogger - Copying 0 resource
2022-07-09 12:42:04,109 [Worker-13: Building] INFO  o.e.m.c.i.embedder.EclipseLogger - Using 'UTF-8' encoding to copy filtered resources.
2022-07-09 12:42:04,109 [Worker-13: Building] INFO  o.e.m.c.i.embedder.EclipseLogger - Using 'UTF-8' encoding to copy filtered properties files.
2022-07-09 12:42:04,109 [Worker-13: Building] INFO  o.e.m.c.i.embedder.EclipseLogger - skip non existing resourceDirectory D:\MICRO\microservices-crash-course-main (1)\microservices-crash-course-main\user_service\user_service\src\test\resources
2022-07-09 12:43:32,423 [Worker-11: Launching user_service - UserServiceApplication] INFO  o.e.m.c.i.embedder.EclipseLogger - Using 'UTF-8' encoding to copy filtered resources.
2022-07-09 12:43:32,424 [Worker-11: Launching user_service - UserServiceApplication] INFO  o.e.m.c.i.embedder.EclipseLogger - Using 'UTF-8' encoding to copy filtered properties files.
2022-07-09 12:43:32,425 [Worker-11: Launching user_service - UserServiceApplication] INFO  o.e.m.c.i.embedder.EclipseLogger - Copying 2 resources
2022-07-09 12:43:32,430 [Worker-11: Launching user_service - UserServiceApplication] INFO  o.e.m.c.i.embedder.EclipseLogger - Copying 0 resource
2022-07-09 12:43:32,433 [Worker-11: Launching user_service - UserServiceApplication] INFO  o.e.m.c.i.embedder.EclipseLogger - Using 'UTF-8' encoding to copy filtered resources.
2022-07-09 12:43:32,434 [Worker-11: Launching user_service - UserServiceApplication] INFO  o.e.m.c.i.embedder.EclipseLogger - Using 'UTF-8' encoding to copy filtered properties files.
2022-07-09 12:43:32,434 [Worker-11: Launching user_service - UserServiceApplication] INFO  o.e.m.c.i.embedder.EclipseLogger - skip non existing resourceDirectory D:\MICRO\microservices-crash-course-main (1)\microservices-crash-course-main\user_service\user_service\src\test\resources
2022-07-09 12:46:57,022 [Worker-12: Launching Executing install in D__MICRO_microservices-crash-course-main (1)_microservices-crash-course-main_user_service_user_service] INFO  o.e.m.i.launch.MavenLaunchDelegate - D:\MICRO\microservices-crash-course-main (1)\microservices-crash-course-main\user_service\user_service
2022-07-09 12:46:57,028 [Worker-12: Launching Executing install in D__MICRO_microservices-crash-course-main (1)_microservices-crash-course-main_user_service_user_service] INFO  o.e.m.i.launch.MavenLaunchDelegate -  mvn -B install -Dstyle.color=always
2022-07-09 12:47:05,925 [Worker-12: Building] INFO  o.e.m.c.i.embedder.EclipseLogger - Using 'UTF-8' encoding to copy filtered resources.
2022-07-09 12:47:05,926 [Worker-12: Building] INFO  o.e.m.c.i.embedder.EclipseLogger - Using 'UTF-8' encoding to copy filtered properties files.
2022-07-09 12:47:05,928 [Worker-12: Building] INFO  o.e.m.c.i.embedder.EclipseLogger - Copying 2 resources
2022-07-09 12:47:05,933 [Worker-12: Building] INFO  o.e.m.c.i.embedder.EclipseLogger - Copying 0 resource
2022-07-09 12:47:05,944 [Worker-12: Building] INFO  o.e.m.c.i.embedder.EclipseLogger - Using 'UTF-8' encoding to copy filtered resources.
2022-07-09 12:47:05,946 [Worker-12: Building] INFO  o.e.m.c.i.embedder.EclipseLogger - Using 'UTF-8' encoding to copy filtered properties files.
2022-07-09 12:47:05,946 [Worker-12: Building] INFO  o.e.m.c.i.embedder.EclipseLogger - skip non existing resourceDirectory D:\MICRO\microservices-crash-course-main (1)\microservices-crash-course-main\user_service\user_service\src\test\resources
2022-07-09 12:49:23,130 [Worker-17: Building] INFO  o.e.m.c.i.embedder.EclipseLogger - Using 'UTF-8' encoding to copy filtered resources.
2022-07-09 12:49:23,130 [Worker-17: Building] INFO  o.e.m.c.i.embedder.EclipseLogger - Using 'UTF-8' encoding to copy filtered properties files.
2022-07-09 12:49:23,130 [Worker-17: Building] INFO  o.e.m.c.i.embedder.EclipseLogger - Copying 2 resources
2022-07-09 12:49:23,283 [Worker-17: Building] INFO  o.e.m.c.i.embedder.EclipseLogger - Copying 0 resource
2022-07-09 12:49:23,287 [Worker-17: Building] INFO  o.e.m.c.i.embedder.EclipseLogger - Using 'UTF-8' encoding to copy filtered resources.
2022-07-09 12:49:23,287 [Worker-17: Building] INFO  o.e.m.c.i.embedder.EclipseLogger - Using 'UTF-8' encoding to copy filtered properties files.
2022-07-09 12:49:23,287 [Worker-17: Building] INFO  o.e.m.c.i.embedder.EclipseLogger - skip non existing resourceDirectory D:\MICRO\microservices-crash-course-main (1)\microservices-crash-course-main\user_service\user_service\src\test\resources
2022-07-09 12:52:34,510 [Worker-18: Building] INFO  o.e.m.c.i.embedder.EclipseLogger - Using 'UTF-8' encoding to copy filtered resources.
2022-07-09 12:52:34,511 [Worker-18: Building] INFO  o.e.m.c.i.embedder.EclipseLogger - Using 'UTF-8' encoding to copy filtered properties files.
2022-07-09 12:52:34,512 [Worker-18: Building] INFO  o.e.m.c.i.embedder.EclipseLogger - Copying 2 resources
2022-07-09 12:52:34,518 [Worker-18: Building] INFO  o.e.m.c.i.embedder.EclipseLogger - Copying 0 resource
2022-07-09 12:52:34,521 [Worker-18: Building] INFO  o.e.m.c.i.embedder.EclipseLogger - Using 'UTF-8' encoding to copy filtered resources.
2022-07-09 12:52:34,521 [Worker-18: Building] INFO  o.e.m.c.i.embedder.EclipseLogger - Using 'UTF-8' encoding to copy filtered properties files.
2022-07-09 12:52:34,521 [Worker-18: Building] INFO  o.e.m.c.i.embedder.EclipseLogger - skip non existing resourceDirectory C:\Users\Srashti Gupta\DOWNLOADS\HELLOSWAGGER\HELLOSWAGGER\src\test\resources
2022-07-09 12:52:35,750 [Worker-16: Building] INFO  o.e.m.c.i.embedder.EclipseLogger - Using 'UTF-8' encoding to copy filtered resources.
2022-07-09 12:52:35,750 [Worker-16: Building] INFO  o.e.m.c.i.embedder.EclipseLogger - Using 'UTF-8' encoding to copy filtered properties files.
2022-07-09 12:52:35,750 [Worker-16: Building] INFO  o.e.m.c.i.embedder.EclipseLogger - Copying 2 resources
2022-07-09 12:52:35,757 [Worker-16: Building] INFO  o.e.m.c.i.embedder.EclipseLogger - Copying 0 resource
2022-07-09 12:52:35,764 [Worker-16: Building] INFO  o.e.m.c.i.embedder.EclipseLogger - Using 'UTF-8' encoding to copy filtered resources.
2022-07-09 12:52:35,764 [Worker-16: Building] INFO  o.e.m.c.i.embedder.EclipseLogger - Using 'UTF-8' encoding to copy filtered properties files.
2022-07-09 12:52:35,764 [Worker-16: Building] INFO  o.e.m.c.i.embedder.EclipseLogger - skip non existing resourceDirectory D:\MICRO\microservices-crash-course-main (1)\microservices-crash-course-main\user_service\user_service\src\test\resources
2022-07-09 12:52:48,983 [Worker-19: Launching HELLOSWAGGER - HelloswaggerApplication] INFO  o.e.m.c.i.embedder.EclipseLogger - Using 'UTF-8' encoding to copy filtered resources.
2022-07-09 12:52:48,984 [Worker-19: Launching HELLOSWAGGER - HelloswaggerApplication] INFO  o.e.m.c.i.embedder.EclipseLogger - Using 'UTF-8' encoding to copy filtered properties files.
2022-07-09 12:52:48,986 [Worker-19: Launching HELLOSWAGGER - HelloswaggerApplication] INFO  o.e.m.c.i.embedder.EclipseLogger - Copying 2 resources
2022-07-09 12:52:48,991 [Worker-19: Launching HELLOSWAGGER - HelloswaggerApplication] INFO  o.e.m.c.i.embedder.EclipseLogger - Copying 0 resource
2022-07-09 12:52:48,994 [Worker-19: Launching HELLOSWAGGER - HelloswaggerApplication] INFO  o.e.m.c.i.embedder.EclipseLogger - Using 'UTF-8' encoding to copy filtered resources.
2022-07-09 12:52:48,994 [Worker-19: Launching HELLOSWAGGER - HelloswaggerApplication] INFO  o.e.m.c.i.embedder.EclipseLogger - Using 'UTF-8' encoding to copy filtered properties files.
2022-07-09 12:52:48,994 [Worker-19: Launching HELLOSWAGGER - HelloswaggerApplication] INFO  o.e.m.c.i.embedder.EclipseLogger - skip non existing resourceDirectory C:\Users\Srashti Gupta\DOWNLOADS\HELLOSWAGGER\HELLOSWAGGER\src\test\resources
2022-07-09 13:06:21,656 [Worker-25: Building] INFO  o.e.m.c.i.l.LifecycleMappingFactory - Using org.eclipse.m2e.jdt.JarLifecycleMapping lifecycle mapping for MavenProject: com.user:user_service:0.0.1-SNAPSHOT @ D:\MICRO\microservices-crash-course-main (1)\microservices-crash-course-main\user_service\user_service\pom.xml.
2022-07-09 13:06:23,342 [Worker-25: Building] INFO  o.e.m.c.i.embedder.EclipseLogger - Using 'UTF-8' encoding to copy filtered resources.
2022-07-09 13:06:23,343 [Worker-25: Building] INFO  o.e.m.c.i.embedder.EclipseLogger - Using 'UTF-8' encoding to copy filtered properties files.
2022-07-09 13:06:23,344 [Worker-25: Building] INFO  o.e.m.c.i.embedder.EclipseLogger - Copying 2 resources
2022-07-09 13:06:23,744 [Worker-25: Building] INFO  o.e.m.c.i.embedder.EclipseLogger - Copying 0 resource
2022-07-09 13:06:23,750 [Worker-25: Building] INFO  o.e.m.c.i.embedder.EclipseLogger - Using 'UTF-8' encoding to copy filtered resources.
2022-07-09 13:06:23,750 [Worker-25: Building] INFO  o.e.m.c.i.embedder.EclipseLogger - Using 'UTF-8' encoding to copy filtered properties files.
2022-07-09 13:06:23,751 [Worker-25: Building] INFO  o.e.m.c.i.embedder.EclipseLogger - skip non existing resourceDirectory D:\MICRO\microservices-crash-course-main (1)\microservices-crash-course-main\user_service\user_service\src\test\resources
2022-07-09 13:06:25,501 [Worker-27: Building] INFO  o.e.m.c.i.l.LifecycleMappingFactory - Using org.eclipse.m2e.jdt.JarLifecycleMapping lifecycle mapping for MavenProject: com.user:user_service:0.0.1-SNAPSHOT @ D:\MICRO\microservices-crash-course-main (1)\microservices-crash-course-main\user_service\user_service\pom.xml.
2022-07-09 13:06:26,252 [Worker-27: Building] INFO  o.e.m.c.i.embedder.EclipseLogger - Using 'UTF-8' encoding to copy filtered resources.
2022-07-09 13:06:26,252 [Worker-27: Building] INFO  o.e.m.c.i.embedder.EclipseLogger - Using 'UTF-8' encoding to copy filtered properties files.
2022-07-09 13:06:26,253 [Worker-27: Building] INFO  o.e.m.c.i.embedder.EclipseLogger - Copying 2 resources
2022-07-09 13:06:26,393 [Worker-27: Building] INFO  o.e.m.c.i.embedder.EclipseLogger - Copying 0 resource
2022-07-09 13:06:26,397 [Worker-27: Building] INFO  o.e.m.c.i.embedder.EclipseLogger - Using 'UTF-8' encoding to copy filtered resources.
2022-07-09 13:06:26,397 [Worker-27: Building] INFO  o.e.m.c.i.embedder.EclipseLogger - Using 'UTF-8' encoding to copy filtered properties files.
2022-07-09 13:06:26,397 [Worker-27: Building] INFO  o.e.m.c.i.embedder.EclipseLogger - skip non existing resourceDirectory D:\MICRO\microservices-crash-course-main (1)\microservices-crash-course-main\user_service\user_service\src\test\resources
2022-07-09 13:06:28,948 [Worker-28: Building] INFO  o.e.m.c.i.embedder.EclipseLogger - Using 'UTF-8' encoding to copy filtered resources.
2022-07-09 13:06:28,949 [Worker-28: Building] INFO  o.e.m.c.i.embedder.EclipseLogger - Using 'UTF-8' encoding to copy filtered properties files.
2022-07-09 13:06:28,950 [Worker-28: Building] INFO  o.e.m.c.i.embedder.EclipseLogger - Copying 2 resources
2022-07-09 13:06:28,954 [Worker-28: Building] INFO  o.e.m.c.i.embedder.EclipseLogger - Copying 0 resource
2022-07-09 13:06:28,956 [Worker-28: Building] INFO  o.e.m.c.i.embedder.EclipseLogger - Using 'UTF-8' encoding to copy filtered resources.
2022-07-09 13:06:28,956 [Worker-28: Building] INFO  o.e.m.c.i.embedder.EclipseLogger - Using 'UTF-8' encoding to copy filtered properties files.
2022-07-09 13:06:28,957 [Worker-28: Building] INFO  o.e.m.c.i.embedder.EclipseLogger - skip non existing resourceDirectory D:\MICRO\microservices-crash-course-main (1)\microservices-crash-course-main\user_service\user_service\src\test\resources
2022-07-09 13:06:30,861 [Worker-26: Building] INFO  o.e.m.c.i.l.LifecycleMappingFactory - Using org.eclipse.m2e.jdt.JarLifecycleMapping lifecycle mapping for MavenProject: com.user:user_service:0.0.1-SNAPSHOT @ D:\MICRO\microservices-crash-course-main (1)\microservices-crash-course-main\user_service\user_service\pom.xml.
2022-07-09 13:06:32,226 [Worker-26: Building] INFO  o.e.m.c.i.embedder.EclipseLogger - Using 'UTF-8' encoding to copy filtered resources.
2022-07-09 13:06:32,226 [Worker-26: Building] INFO  o.e.m.c.i.embedder.EclipseLogger - Using 'UTF-8' encoding to copy filtered properties files.
2022-07-09 13:06:32,227 [Worker-26: Building] INFO  o.e.m.c.i.embedder.EclipseLogger - Copying 0 resource
2022-07-09 13:06:32,227 [Worker-26: Building] INFO  o.e.m.c.i.embedder.EclipseLogger - Copying 0 resource
2022-07-09 13:06:32,233 [Worker-26: Building] INFO  o.e.m.c.i.embedder.EclipseLogger - Using 'UTF-8' encoding to copy filtered resources.
2022-07-09 13:06:32,234 [Worker-26: Building] INFO  o.e.m.c.i.embedder.EclipseLogger - Using 'UTF-8' encoding to copy filtered properties files.
2022-07-09 13:06:32,234 [Worker-26: Building] INFO  o.e.m.c.i.embedder.EclipseLogger - skip non existing resourceDirectory D:\MICRO\microservices-crash-course-main (1)\microservices-crash-course-main\user_service\user_service\src\test\resources
2022-07-09 13:06:54,627 [Worker-26: Launching user_service - UserServiceApplication] INFO  o.e.m.c.i.l.LifecycleMappingFactory - Using org.eclipse.m2e.jdt.JarLifecycleMapping lifecycle mapping for MavenProject: com.user:user_service:0.0.1-SNAPSHOT @ D:\MICRO\microservices-crash-course-main (1)\microservices-crash-course-main\user_service\user_service\pom.xml.
2022-07-09 13:06:55,517 [Worker-26: Launching user_service - UserServiceApplication] INFO  o.e.m.c.i.embedder.EclipseLogger - Using 'UTF-8' encoding to copy filtered resources.
2022-07-09 13:06:55,517 [Worker-26: Launching user_service - UserServiceApplication] INFO  o.e.m.c.i.embedder.EclipseLogger - Using 'UTF-8' encoding to copy filtered properties files.
2022-07-09 13:06:55,518 [Worker-26: Launching user_service - UserServiceApplication] INFO  o.e.m.c.i.embedder.EclipseLogger - Copying 2 resources
2022-07-09 13:06:55,523 [Worker-26: Launching user_service - UserServiceApplication] INFO  o.e.m.c.i.embedder.EclipseLogger - Copying 0 resource
2022-07-09 13:06:55,528 [Worker-26: Launching user_service - UserServiceApplication] INFO  o.e.m.c.i.embedder.EclipseLogger - Using 'UTF-8' encoding to copy filtered resources.
2022-07-09 13:06:55,528 [Worker-26: Launching user_service - UserServiceApplication] INFO  o.e.m.c.i.embedder.EclipseLogger - Using 'UTF-8' encoding to copy filtered properties files.
2022-07-09 13:06:55,528 [Worker-26: Launching user_service - UserServiceApplication] INFO  o.e.m.c.i.embedder.EclipseLogger - skip non existing resourceDirectory D:\MICRO\microservices-crash-course-main (1)\microservices-crash-course-main\user_service\user_service\src\test\resources
2022-07-09 13:14:21,213 [Worker-31: Building] INFO  o.e.m.c.i.l.LifecycleMappingFactory - Using org.eclipse.m2e.jdt.JarLifecycleMapping lifecycle mapping for MavenProject: com.user:user_service:0.0.1-SNAPSHOT @ D:\MICRO\microservices-crash-course-main (1)\microservices-crash-course-main\user_service\user_service\pom.xml.
2022-07-09 13:14:23,496 [Worker-31: Building] INFO  o.e.m.c.i.e.AbstractTransferListenerAdapter - Downloading https://repo.maven.apache.org/maven2/com/google/code/gson/gson/2.9.0/gson-2.9.0.pom
2022-07-09 13:14:24,135 [Worker-31: Building] INFO  o.e.m.c.i.e.AbstractTransferListenerAdapter - Downloaded https://repo.maven.apache.org/maven2/com/google/code/gson/gson/2.9.0/gson-2.9.0.pom
2022-07-09 13:14:24,521 [Worker-31: Building] INFO  o.e.m.c.i.e.AbstractTransferListenerAdapter - Downloading https://repo.maven.apache.org/maven2/com/google/code/gson/gson-parent/2.9.0/gson-parent-2.9.0.pom
2022-07-09 13:14:24,893 [Worker-31: Building] INFO  o.e.m.c.i.e.AbstractTransferListenerAdapter - Downloaded https://repo.maven.apache.org/maven2/com/google/code/gson/gson-parent/2.9.0/gson-parent-2.9.0.pom
2022-07-09 13:14:25,315 [Worker-31: Building] INFO  o.e.m.c.i.e.AbstractTransferListenerAdapter - Downloading https://repo.maven.apache.org/maven2/com/google/code/gson/gson/2.9.0/gson-2.9.0.jar
2022-07-09 13:14:26,454 [Worker-31: Building] INFO  o.e.m.c.i.e.AbstractTransferListenerAdapter - Downloaded https://repo.maven.apache.org/maven2/com/google/code/gson/gson/2.9.0/gson-2.9.0.jar
2022-07-09 13:14:27,004 [Worker-31: Building] INFO  o.e.m.c.i.embedder.EclipseLogger - Using 'UTF-8' encoding to copy filtered resources.
2022-07-09 13:14:27,005 [Worker-31: Building] INFO  o.e.m.c.i.embedder.EclipseLogger - Using 'UTF-8' encoding to copy filtered properties files.
2022-07-09 13:14:27,006 [Worker-31: Building] INFO  o.e.m.c.i.embedder.EclipseLogger - Copying 0 resource
2022-07-09 13:14:27,006 [Worker-31: Building] INFO  o.e.m.c.i.embedder.EclipseLogger - Copying 0 resource
2022-07-09 13:14:27,008 [Worker-31: Building] INFO  o.e.m.c.i.embedder.EclipseLogger - Using 'UTF-8' encoding to copy filtered resources.
2022-07-09 13:14:27,008 [Worker-31: Building] INFO  o.e.m.c.i.embedder.EclipseLogger - Using 'UTF-8' encoding to copy filtered properties files.
2022-07-09 13:14:27,008 [Worker-31: Building] INFO  o.e.m.c.i.embedder.EclipseLogger - skip non existing resourceDirectory D:\MICRO\microservices-crash-course-main (1)\microservices-crash-course-main\user_service\user_service\src\test\resources
2022-07-09 13:14:29,177 [Worker-31: Building] INFO  o.e.m.c.i.embedder.EclipseLogger - Using 'UTF-8' encoding to copy filtered resources.
2022-07-09 13:14:29,177 [Worker-31: Building] INFO  o.e.m.c.i.embedder.EclipseLogger - Using 'UTF-8' encoding to copy filtered properties files.
2022-07-09 13:14:29,177 [Worker-31: Building] INFO  o.e.m.c.i.embedder.EclipseLogger - Copying 2 resources
2022-07-09 13:14:29,182 [Worker-31: Building] INFO  o.e.m.c.i.embedder.EclipseLogger - Copying 0 resource
2022-07-09 13:14:29,189 [Worker-31: Building] INFO  o.e.m.c.i.embedder.EclipseLogger - Using 'UTF-8' encoding to copy filtered resources.
2022-07-09 13:14:29,190 [Worker-31: Building] INFO  o.e.m.c.i.embedder.EclipseLogger - Using 'UTF-8' encoding to copy filtered properties files.
2022-07-09 13:14:29,190 [Worker-31: Building] INFO  o.e.m.c.i.embedder.EclipseLogger - skip non existing resourceDirectory D:\MICRO\microservices-crash-course-main (1)\microservices-crash-course-main\user_service\user_service\src\test\resources
2022-07-09 13:14:29,296 [Worker-34: Download sources and javadoc] INFO  o.e.m.c.i.e.AbstractTransferListenerAdapter - Downloading https://repo.maven.apache.org/maven2/com/google/code/gson/gson/2.9.0/gson-2.9.0-sources.jar
2022-07-09 13:14:30,228 [Worker-34: Download sources and javadoc] INFO  o.e.m.c.i.e.AbstractTransferListenerAdapter - Downloaded https://repo.maven.apache.org/maven2/com/google/code/gson/gson/2.9.0/gson-2.9.0-sources.jar
2022-07-09 13:14:30,380 [Worker-34: Download sources and javadoc] INFO  o.e.m.j.internal.DownloadSourcesJob - Downloaded sources for com.google.code.gson:gson:2.9.0
2022-07-09 13:14:31,331 [Worker-31: Building] INFO  o.e.m.c.i.embedder.EclipseLogger - Using 'UTF-8' encoding to copy filtered resources.
2022-07-09 13:14:31,331 [Worker-31: Building] INFO  o.e.m.c.i.embedder.EclipseLogger - Using 'UTF-8' encoding to copy filtered properties files.
2022-07-09 13:14:31,331 [Worker-31: Building] INFO  o.e.m.c.i.embedder.EclipseLogger - Copying 0 resource
2022-07-09 13:14:31,331 [Worker-31: Building] INFO  o.e.m.c.i.embedder.EclipseLogger - Copying 0 resource
2022-07-09 13:14:31,335 [Worker-31: Building] INFO  o.e.m.c.i.embedder.EclipseLogger - Using 'UTF-8' encoding to copy filtered resources.
2022-07-09 13:14:31,335 [Worker-31: Building] INFO  o.e.m.c.i.embedder.EclipseLogger - Using 'UTF-8' encoding to copy filtered properties files.
2022-07-09 13:14:31,335 [Worker-31: Building] INFO  o.e.m.c.i.embedder.EclipseLogger - skip non existing resourceDirectory D:\MICRO\microservices-crash-course-main (1)\microservices-crash-course-main\user_service\user_service\src\test\resources
2022-07-09 13:21:11,442 [Worker-40: Building] INFO  o.e.m.c.i.l.LifecycleMappingFactory - Using org.eclipse.m2e.jdt.JarLifecycleMapping lifecycle mapping for MavenProject: com.user:user_service:0.0.1-SNAPSHOT @ D:\MICRO\microservices-crash-course-main (1)\microservices-crash-course-main\user_service\user_service\pom.xml.
2022-07-09 13:21:12,762 [Worker-40: Building] INFO  o.e.m.c.i.e.AbstractTransferListenerAdapter - Downloading https://repo.maven.apache.org/maven2/org/springframework/boot/spring-boot-starter-data-jpa/2.4.4/spring-boot-starter-data-jpa-2.4.4.pom
2022-07-09 13:21:13,343 [Worker-40: Building] INFO  o.e.m.c.i.e.AbstractTransferListenerAdapter - Downloaded https://repo.maven.apache.org/maven2/org/springframework/boot/spring-boot-starter-data-jpa/2.4.4/spring-boot-starter-data-jpa-2.4.4.pom
2022-07-09 13:21:13,634 [Worker-40: Building] INFO  o.e.m.c.i.e.AbstractTransferListenerAdapter - Downloading https://repo.maven.apache.org/maven2/org/springframework/boot/spring-boot-starter-aop/2.4.4/spring-boot-starter-aop-2.4.4.pom
2022-07-09 13:21:13,979 [Worker-40: Building] INFO  o.e.m.c.i.e.AbstractTransferListenerAdapter - Downloaded https://repo.maven.apache.org/maven2/org/springframework/boot/spring-boot-starter-aop/2.4.4/spring-boot-starter-aop-2.4.4.pom
2022-07-09 13:21:14,339 [Worker-40: Building] INFO  o.e.m.c.i.e.AbstractTransferListenerAdapter - Downloading https://repo.maven.apache.org/maven2/org/springframework/boot/spring-boot-starter-jdbc/2.4.4/spring-boot-starter-jdbc-2.4.4.pom
2022-07-09 13:21:14,734 [Worker-40: Building] INFO  o.e.m.c.i.e.AbstractTransferListenerAdapter - Downloaded https://repo.maven.apache.org/maven2/org/springframework/boot/spring-boot-starter-jdbc/2.4.4/spring-boot-starter-jdbc-2.4.4.pom
2022-07-09 13:21:15,056 [Worker-40: Building] INFO  o.e.m.c.i.e.AbstractTransferListenerAdapter - Downloading https://repo.maven.apache.org/maven2/org/springframework/spring-jdbc/5.3.5/spring-jdbc-5.3.5.pom
2022-07-09 13:21:15,405 [Worker-40: Building] INFO  o.e.m.c.i.e.AbstractTransferListenerAdapter - Downloaded https://repo.maven.apache.org/maven2/org/springframework/spring-jdbc/5.3.5/spring-jdbc-5.3.5.pom
2022-07-09 13:21:15,691 [Worker-40: Building] INFO  o.e.m.c.i.e.AbstractTransferListenerAdapter - Downloading https://repo.maven.apache.org/maven2/org/springframework/spring-tx/5.3.5/spring-tx-5.3.5.pom
2022-07-09 13:21:16,031 [Worker-40: Building] INFO  o.e.m.c.i.e.AbstractTransferListenerAdapter - Downloaded https://repo.maven.apache.org/maven2/org/springframework/spring-tx/5.3.5/spring-tx-5.3.5.pom
2022-07-09 13:21:16,387 [Worker-40: Building] INFO  o.e.m.c.i.e.AbstractTransferListenerAdapter - Downloading https://repo.maven.apache.org/maven2/org/hibernate/hibernate-core/5.4.29.Final/hibernate-core-5.4.29.Final.pom
2022-07-09 13:21:16,735 [Worker-40: Building] INFO  o.e.m.c.i.e.AbstractTransferListenerAdapter - Downloaded https://repo.maven.apache.org/maven2/org/hibernate/hibernate-core/5.4.29.Final/hibernate-core-5.4.29.Final.pom
2022-07-09 13:21:17,446 [Worker-40: Building] INFO  o.e.m.c.i.e.AbstractTransferListenerAdapter - Downloading https://repo.maven.apache.org/maven2/org/springframework/data/spring-data-jpa/2.4.6/spring-data-jpa-2.4.6.pom
2022-07-09 13:21:17,839 [Worker-40: Building] INFO  o.e.m.c.i.e.AbstractTransferListenerAdapter - Downloaded https://repo.maven.apache.org/maven2/org/springframework/data/spring-data-jpa/2.4.6/spring-data-jpa-2.4.6.pom
2022-07-09 13:21:18,156 [Worker-40: Building] INFO  o.e.m.c.i.e.AbstractTransferListenerAdapter - Downloading https://repo.maven.apache.org/maven2/org/springframework/data/build/spring-data-parent/2.4.6/spring-data-parent-2.4.6.pom
2022-07-09 13:21:18,579 [Worker-40: Building] INFO  o.e.m.c.i.e.AbstractTransferListenerAdapter - Downloaded https://repo.maven.apache.org/maven2/org/springframework/data/build/spring-data-parent/2.4.6/spring-data-parent-2.4.6.pom
2022-07-09 13:21:18,887 [Worker-40: Building] INFO  o.e.m.c.i.e.AbstractTransferListenerAdapter - Downloading https://repo.maven.apache.org/maven2/org/springframework/data/build/spring-data-build/2.4.6/spring-data-build-2.4.6.pom
2022-07-09 13:21:19,226 [Worker-40: Building] INFO  o.e.m.c.i.e.AbstractTransferListenerAdapter - Downloaded https://repo.maven.apache.org/maven2/org/springframework/data/build/spring-data-build/2.4.6/spring-data-build-2.4.6.pom
2022-07-09 13:21:19,540 [Worker-40: Building] INFO  o.e.m.c.i.e.AbstractTransferListenerAdapter - Downloading https://repo.maven.apache.org/maven2/org/springframework/data/spring-data-commons/2.4.6/spring-data-commons-2.4.6.pom
2022-07-09 13:21:19,887 [Worker-40: Building] INFO  o.e.m.c.i.e.AbstractTransferListenerAdapter - Downloaded https://repo.maven.apache.org/maven2/org/springframework/data/spring-data-commons/2.4.6/spring-data-commons-2.4.6.pom
2022-07-09 13:21:20,182 [Worker-40: Building] INFO  o.e.m.c.i.e.AbstractTransferListenerAdapter - Downloading https://repo.maven.apache.org/maven2/org/springframework/spring-orm/5.3.5/spring-orm-5.3.5.pom
2022-07-09 13:21:20,511 [Worker-40: Building] INFO  o.e.m.c.i.e.AbstractTransferListenerAdapter - Downloaded https://repo.maven.apache.org/maven2/org/springframework/spring-orm/5.3.5/spring-orm-5.3.5.pom
2022-07-09 13:21:20,802 [Worker-40: Building] INFO  o.e.m.c.i.e.AbstractTransferListenerAdapter - Downloading https://repo.maven.apache.org/maven2/org/springframework/spring-aspects/5.3.5/spring-aspects-5.3.5.pom
2022-07-09 13:21:21,128 [Worker-40: Building] INFO  o.e.m.c.i.e.AbstractTransferListenerAdapter - Downloaded https://repo.maven.apache.org/maven2/org/springframework/spring-aspects/5.3.5/spring-aspects-5.3.5.pom
2022-07-09 13:21:21,473 [Worker-40: Building] INFO  o.e.m.c.i.e.AbstractTransferListenerAdapter - Downloading https://repo.maven.apache.org/maven2/org/springframework/boot/spring-boot-devtools/2.4.4/spring-boot-devtools-2.4.4.pom
2022-07-09 13:21:21,821 [Worker-40: Building] INFO  o.e.m.c.i.e.AbstractTransferListenerAdapter - Downloaded https://repo.maven.apache.org/maven2/org/springframework/boot/spring-boot-devtools/2.4.4/spring-boot-devtools-2.4.4.pom
2022-07-09 13:21:22,183 [AetherRepositoryConnector-repo.maven.apache.org-0-1] INFO  o.e.m.c.i.e.AbstractTransferListenerAdapter - Downloading https://repo.maven.apache.org/maven2/org/springframework/boot/spring-boot-starter-aop/2.4.4/spring-boot-starter-aop-2.4.4.jar
2022-07-09 13:21:22,464 [AetherRepositoryConnector-repo.maven.apache.org-0-4] INFO  o.e.m.c.i.e.AbstractTransferListenerAdapter - Downloading https://repo.maven.apache.org/maven2/org/hibernate/hibernate-core/5.4.29.Final/hibernate-core-5.4.29.Final.jar
2022-07-09 13:21:22,465 [AetherRepositoryConnector-repo.maven.apache.org-0-2] INFO  o.e.m.c.i.e.AbstractTransferListenerAdapter - Downloading https://repo.maven.apache.org/maven2/org/springframework/boot/spring-boot-starter-jdbc/2.4.4/spring-boot-starter-jdbc-2.4.4.jar
2022-07-09 13:21:22,566 [AetherRepositoryConnector-repo.maven.apache.org-0-0] INFO  o.e.m.c.i.e.AbstractTransferListenerAdapter - Downloading https://repo.maven.apache.org/maven2/org/springframework/boot/spring-boot-starter-data-jpa/2.4.4/spring-boot-starter-data-jpa-2.4.4.jar
2022-07-09 13:21:23,146 [AetherRepositoryConnector-repo.maven.apache.org-0-3] INFO  o.e.m.c.i.e.AbstractTransferListenerAdapter - Downloading https://repo.maven.apache.org/maven2/org/springframework/spring-jdbc/5.3.5/spring-jdbc-5.3.5.jar
2022-07-09 13:21:23,160 [AetherRepositoryConnector-repo.maven.apache.org-0-1] INFO  o.e.m.c.i.e.AbstractTransferListenerAdapter - Downloaded https://repo.maven.apache.org/maven2/org/springframework/boot/spring-boot-starter-aop/2.4.4/spring-boot-starter-aop-2.4.4.jar
2022-07-09 13:21:23,454 [AetherRepositoryConnector-repo.maven.apache.org-0-0] INFO  o.e.m.c.i.e.AbstractTransferListenerAdapter - Downloaded https://repo.maven.apache.org/maven2/org/springframework/boot/spring-boot-starter-data-jpa/2.4.4/spring-boot-starter-data-jpa-2.4.4.jar
2022-07-09 13:21:23,454 [AetherRepositoryConnector-repo.maven.apache.org-0-2] INFO  o.e.m.c.i.e.AbstractTransferListenerAdapter - Downloaded https://repo.maven.apache.org/maven2/org/springframework/boot/spring-boot-starter-jdbc/2.4.4/spring-boot-starter-jdbc-2.4.4.jar
2022-07-09 13:21:23,799 [AetherRepositoryConnector-repo.maven.apache.org-0-1] INFO  o.e.m.c.i.e.AbstractTransferListenerAdapter - Downloading https://repo.maven.apache.org/maven2/org/springframework/data/spring-data-jpa/2.4.6/spring-data-jpa-2.4.6.jar
2022-07-09 13:21:24,575 [AetherRepositoryConnector-repo.maven.apache.org-0-0] INFO  o.e.m.c.i.e.AbstractTransferListenerAdapter - Downloading https://repo.maven.apache.org/maven2/org/springframework/spring-orm/5.3.5/spring-orm-5.3.5.jar
2022-07-09 13:21:24,575 [AetherRepositoryConnector-repo.maven.apache.org-0-2] INFO  o.e.m.c.i.e.AbstractTransferListenerAdapter - Downloading https://repo.maven.apache.org/maven2/org/springframework/data/spring-data-commons/2.4.6/spring-data-commons-2.4.6.jar
2022-07-09 13:21:43,828 [AetherRepositoryConnector-repo.maven.apache.org-0-3] INFO  o.e.m.c.i.e.AbstractTransferListenerAdapter - Downloaded https://repo.maven.apache.org/maven2/org/springframework/spring-jdbc/5.3.5/spring-jdbc-5.3.5.jar
2022-07-09 13:21:46,037 [AetherRepositoryConnector-repo.maven.apache.org-0-0] INFO  o.e.m.c.i.e.AbstractTransferListenerAdapter - Downloaded https://repo.maven.apache.org/maven2/org/springframework/spring-orm/5.3.5/spring-orm-5.3.5.jar
2022-07-09 13:21:47,348 [AetherRepositoryConnector-repo.maven.apache.org-0-1] INFO  o.e.m.c.i.e.AbstractTransferListenerAdapter - Downloaded https://repo.maven.apache.org/maven2/org/springframework/data/spring-data-jpa/2.4.6/spring-data-jpa-2.4.6.jar
2022-07-09 13:21:49,197 [AetherRepositoryConnector-repo.maven.apache.org-0-3] INFO  o.e.m.c.i.e.AbstractTransferListenerAdapter - Downloading https://repo.maven.apache.org/maven2/org/springframework/spring-tx/5.3.5/spring-tx-5.3.5.jar
2022-07-09 13:21:49,198 [AetherRepositoryConnector-repo.maven.apache.org-0-0] INFO  o.e.m.c.i.e.AbstractTransferListenerAdapter - Downloading https://repo.maven.apache.org/maven2/org/springframework/spring-aspects/5.3.5/spring-aspects-5.3.5.jar
2022-07-09 13:21:49,199 [AetherRepositoryConnector-repo.maven.apache.org-0-1] INFO  o.e.m.c.i.e.AbstractTransferListenerAdapter - Downloading https://repo.maven.apache.org/maven2/org/springframework/boot/spring-boot-devtools/2.4.4/spring-boot-devtools-2.4.4.jar
2022-07-09 13:21:49,218 [AetherRepositoryConnector-repo.maven.apache.org-0-2] INFO  o.e.m.c.i.e.AbstractTransferListenerAdapter - Downloaded https://repo.maven.apache.org/maven2/org/springframework/data/spring-data-commons/2.4.6/spring-data-commons-2.4.6.jar
2022-07-09 13:21:59,576 [AetherRepositoryConnector-repo.maven.apache.org-0-3] INFO  o.e.m.c.i.e.AbstractTransferListenerAdapter - Downloaded https://repo.maven.apache.org/maven2/org/springframework/spring-tx/5.3.5/spring-tx-5.3.5.jar
2022-07-09 13:21:59,577 [AetherRepositoryConnector-repo.maven.apache.org-0-0] INFO  o.e.m.c.i.e.AbstractTransferListenerAdapter - Downloaded https://repo.maven.apache.org/maven2/org/springframework/spring-aspects/5.3.5/spring-aspects-5.3.5.jar
2022-07-09 13:21:59,577 [AetherRepositoryConnector-repo.maven.apache.org-0-1] INFO  o.e.m.c.i.e.AbstractTransferListenerAdapter - Downloaded https://repo.maven.apache.org/maven2/org/springframework/boot/spring-boot-devtools/2.4.4/spring-boot-devtools-2.4.4.jar
2022-07-09 13:22:07,126 [AetherRepositoryConnector-repo.maven.apache.org-0-4] INFO  o.e.m.c.i.e.AbstractTransferListenerAdapter - Downloaded https://repo.maven.apache.org/maven2/org/hibernate/hibernate-core/5.4.29.Final/hibernate-core-5.4.29.Final.jar
2022-07-09 13:22:08,782 [Worker-40: Building] INFO  o.e.m.c.i.embedder.EclipseLogger - Using 'UTF-8' encoding to copy filtered resources.
2022-07-09 13:22:08,782 [Worker-40: Building] INFO  o.e.m.c.i.embedder.EclipseLogger - Using 'UTF-8' encoding to copy filtered properties files.
2022-07-09 13:22:08,783 [Worker-40: Building] INFO  o.e.m.c.i.embedder.EclipseLogger - Copying 0 resource
2022-07-09 13:22:08,784 [Worker-40: Building] INFO  o.e.m.c.i.embedder.EclipseLogger - Copying 0 resource
2022-07-09 13:22:08,786 [Worker-40: Building] INFO  o.e.m.c.i.embedder.EclipseLogger - Using 'UTF-8' encoding to copy filtered resources.
2022-07-09 13:22:08,787 [Worker-40: Building] INFO  o.e.m.c.i.embedder.EclipseLogger - Using 'UTF-8' encoding to copy filtered properties files.
2022-07-09 13:22:08,787 [Worker-40: Building] INFO  o.e.m.c.i.embedder.EclipseLogger - skip non existing resourceDirectory D:\MICRO\microservices-crash-course-main (1)\microservices-crash-course-main\user_service\user_service\src\test\resources
2022-07-09 13:22:10,940 [Worker-35: Download sources and javadoc] INFO  o.e.m.c.i.e.AbstractTransferListenerAdapter - Downloading https://repo.maven.apache.org/maven2/org/springframework/boot/spring-boot-starter-data-jpa/2.4.4/spring-boot-starter-data-jpa-2.4.4-sources.jar
2022-07-09 13:22:11,161 [Worker-42: Building] INFO  o.e.m.c.i.embedder.EclipseLogger - Using 'UTF-8' encoding to copy filtered resources.
2022-07-09 13:22:11,162 [Worker-42: Building] INFO  o.e.m.c.i.embedder.EclipseLogger - Using 'UTF-8' encoding to copy filtered properties files.
2022-07-09 13:22:11,166 [Worker-42: Building] INFO  o.e.m.c.i.embedder.EclipseLogger - Copying 2 resources
2022-07-09 13:22:11,170 [Worker-42: Building] INFO  o.e.m.c.i.embedder.EclipseLogger - Copying 0 resource
2022-07-09 13:22:11,178 [Worker-42: Building] INFO  o.e.m.c.i.embedder.EclipseLogger - Using 'UTF-8' encoding to copy filtered resources.
2022-07-09 13:22:11,178 [Worker-42: Building] INFO  o.e.m.c.i.embedder.EclipseLogger - Using 'UTF-8' encoding to copy filtered properties files.
2022-07-09 13:22:11,179 [Worker-42: Building] INFO  o.e.m.c.i.embedder.EclipseLogger - skip non existing resourceDirectory D:\MICRO\microservices-crash-course-main (1)\microservices-crash-course-main\user_service\user_service\src\test\resources
2022-07-09 13:22:11,511 [Worker-35: Download sources and javadoc] INFO  o.e.m.c.i.e.AbstractTransferListenerAdapter - Downloaded https://repo.maven.apache.org/maven2/org/springframework/boot/spring-boot-starter-data-jpa/2.4.4/spring-boot-starter-data-jpa-2.4.4-sources.jar
2022-07-09 13:22:11,612 [Worker-35: Download sources and javadoc] INFO  o.e.m.j.internal.DownloadSourcesJob - Downloaded sources for org.springframework.boot:spring-boot-starter-data-jpa:2.4.4
2022-07-09 13:22:12,796 [Worker-35: Download sources and javadoc] INFO  o.e.m.c.i.e.AbstractTransferListenerAdapter - Downloading https://repo.maven.apache.org/maven2/org/springframework/boot/spring-boot-starter-aop/2.4.4/spring-boot-starter-aop-2.4.4-sources.jar
2022-07-09 13:22:14,021 [Worker-35: Download sources and javadoc] INFO  o.e.m.c.i.e.AbstractTransferListenerAdapter - Downloaded https://repo.maven.apache.org/maven2/org/springframework/boot/spring-boot-starter-aop/2.4.4/spring-boot-starter-aop-2.4.4-sources.jar
2022-07-09 13:22:14,129 [Worker-35: Download sources and javadoc] INFO  o.e.m.j.internal.DownloadSourcesJob - Downloaded sources for org.springframework.boot:spring-boot-starter-aop:2.4.4
2022-07-09 13:22:15,296 [Worker-35: Download sources and javadoc] INFO  o.e.m.c.i.e.AbstractTransferListenerAdapter - Downloading https://repo.maven.apache.org/maven2/org/springframework/boot/spring-boot-starter-jdbc/2.4.4/spring-boot-starter-jdbc-2.4.4-sources.jar
2022-07-09 13:22:15,871 [Worker-35: Download sources and javadoc] INFO  o.e.m.c.i.e.AbstractTransferListenerAdapter - Downloaded https://repo.maven.apache.org/maven2/org/springframework/boot/spring-boot-starter-jdbc/2.4.4/spring-boot-starter-jdbc-2.4.4-sources.jar
2022-07-09 13:22:16,015 [Worker-35: Download sources and javadoc] INFO  o.e.m.j.internal.DownloadSourcesJob - Downloaded sources for org.springframework.boot:spring-boot-starter-jdbc:2.4.4
2022-07-09 13:22:17,190 [Worker-35: Download sources and javadoc] INFO  o.e.m.c.i.e.AbstractTransferListenerAdapter - Downloading https://repo.maven.apache.org/maven2/org/springframework/spring-jdbc/5.3.5/spring-jdbc-5.3.5-sources.jar
2022-07-09 13:22:18,519 [Worker-35: Download sources and javadoc] INFO  o.e.m.c.i.e.AbstractTransferListenerAdapter - Downloaded https://repo.maven.apache.org/maven2/org/springframework/spring-jdbc/5.3.5/spring-jdbc-5.3.5-sources.jar
2022-07-09 13:22:18,577 [Worker-35: Download sources and javadoc] INFO  o.e.m.j.internal.DownloadSourcesJob - Downloaded sources for org.springframework:spring-jdbc:5.3.5
2022-07-09 13:22:19,687 [Worker-35: Download sources and javadoc] INFO  o.e.m.c.i.e.AbstractTransferListenerAdapter - Downloading https://repo.maven.apache.org/maven2/org/hibernate/hibernate-core/5.4.29.Final/hibernate-core-5.4.29.Final-sources.jar
2022-07-09 13:22:21,902 [Worker-43: Launching user_service - UserServiceApplication] INFO  o.e.m.c.i.embedder.EclipseLogger - Using 'UTF-8' encoding to copy filtered resources.
2022-07-09 13:22:21,902 [Worker-43: Launching user_service - UserServiceApplication] INFO  o.e.m.c.i.embedder.EclipseLogger - Using 'UTF-8' encoding to copy filtered properties files.
2022-07-09 13:22:21,904 [Worker-43: Launching user_service - UserServiceApplication] INFO  o.e.m.c.i.embedder.EclipseLogger - Copying 2 resources
2022-07-09 13:22:21,968 [Worker-43: Launching user_service - UserServiceApplication] INFO  o.e.m.c.i.embedder.EclipseLogger - Copying 0 resource
2022-07-09 13:22:21,971 [Worker-43: Launching user_service - UserServiceApplication] INFO  o.e.m.c.i.embedder.EclipseLogger - Using 'UTF-8' encoding to copy filtered resources.
2022-07-09 13:22:21,971 [Worker-43: Launching user_service - UserServiceApplication] INFO  o.e.m.c.i.embedder.EclipseLogger - Using 'UTF-8' encoding to copy filtered properties files.
2022-07-09 13:22:21,971 [Worker-43: Launching user_service - UserServiceApplication] INFO  o.e.m.c.i.embedder.EclipseLogger - skip non existing resourceDirectory D:\MICRO\microservices-crash-course-main (1)\microservices-crash-course-main\user_service\user_service\src\test\resources
2022-07-09 13:22:28,880 [Worker-35: Download sources and javadoc] INFO  o.e.m.c.i.e.AbstractTransferListenerAdapter - Downloaded https://repo.maven.apache.org/maven2/org/hibernate/hibernate-core/5.4.29.Final/hibernate-core-5.4.29.Final-sources.jar
2022-07-09 13:22:28,932 [Worker-35: Download sources and javadoc] INFO  o.e.m.j.internal.DownloadSourcesJob - Downloaded sources for org.hibernate:hibernate-core:5.4.29.Final
2022-07-09 13:22:30,089 [Worker-35: Download sources and javadoc] INFO  o.e.m.c.i.e.AbstractTransferListenerAdapter - Downloading https://repo.maven.apache.org/maven2/org/springframework/data/spring-data-jpa/2.4.6/spring-data-jpa-2.4.6-sources.jar
2022-07-09 13:22:38,821 [Worker-35: Download sources and javadoc] INFO  o.e.m.c.i.e.AbstractTransferListenerAdapter - Downloaded https://repo.maven.apache.org/maven2/org/springframework/data/spring-data-jpa/2.4.6/spring-data-jpa-2.4.6-sources.jar
2022-07-09 13:22:38,939 [Worker-35: Download sources and javadoc] INFO  o.e.m.j.internal.DownloadSourcesJob - Downloaded sources for org.springframework.data:spring-data-jpa:2.4.6
2022-07-09 13:22:40,060 [Worker-35: Download sources and javadoc] INFO  o.e.m.c.i.e.AbstractTransferListenerAdapter - Downloading https://repo.maven.apache.org/maven2/org/springframework/data/spring-data-commons/2.4.6/spring-data-commons-2.4.6-sources.jar
2022-07-09 13:22:42,488 [Worker-35: Download sources and javadoc] INFO  o.e.m.c.i.e.AbstractTransferListenerAdapter - Downloaded https://repo.maven.apache.org/maven2/org/springframework/data/spring-data-commons/2.4.6/spring-data-commons-2.4.6-sources.jar
2022-07-09 13:22:42,541 [Worker-35: Download sources and javadoc] INFO  o.e.m.j.internal.DownloadSourcesJob - Downloaded sources for org.springframework.data:spring-data-commons:2.4.6
2022-07-09 13:22:43,746 [Worker-35: Download sources and javadoc] INFO  o.e.m.c.i.e.AbstractTransferListenerAdapter - Downloading https://repo.maven.apache.org/maven2/org/springframework/spring-orm/5.3.5/spring-orm-5.3.5-sources.jar
2022-07-09 13:22:45,278 [Worker-35: Download sources and javadoc] INFO  o.e.m.c.i.e.AbstractTransferListenerAdapter - Downloaded https://repo.maven.apache.org/maven2/org/springframework/spring-orm/5.3.5/spring-orm-5.3.5-sources.jar
2022-07-09 13:22:45,334 [Worker-35: Download sources and javadoc] INFO  o.e.m.j.internal.DownloadSourcesJob - Downloaded sources for org.springframework:spring-orm:5.3.5
2022-07-09 13:22:46,484 [Worker-35: Download sources and javadoc] INFO  o.e.m.c.i.e.AbstractTransferListenerAdapter - Downloading https://repo.maven.apache.org/maven2/org/springframework/spring-tx/5.3.5/spring-tx-5.3.5-sources.jar
2022-07-09 13:22:47,776 [Worker-35: Download sources and javadoc] INFO  o.e.m.c.i.e.AbstractTransferListenerAdapter - Downloaded https://repo.maven.apache.org/maven2/org/springframework/spring-tx/5.3.5/spring-tx-5.3.5-sources.jar
2022-07-09 13:22:47,837 [Worker-35: Download sources and javadoc] INFO  o.e.m.j.internal.DownloadSourcesJob - Downloaded sources for org.springframework:spring-tx:5.3.5
2022-07-09 13:22:48,905 [Worker-35: Download sources and javadoc] INFO  o.e.m.c.i.e.AbstractTransferListenerAdapter - Downloading https://repo.maven.apache.org/maven2/org/springframework/spring-aspects/5.3.5/spring-aspects-5.3.5-sources.jar
2022-07-09 13:22:49,446 [Worker-35: Download sources and javadoc] INFO  o.e.m.c.i.e.AbstractTransferListenerAdapter - Downloaded https://repo.maven.apache.org/maven2/org/springframework/spring-aspects/5.3.5/spring-aspects-5.3.5-sources.jar
2022-07-09 13:22:49,615 [Worker-35: Download sources and javadoc] INFO  o.e.m.j.internal.DownloadSourcesJob - Downloaded sources for org.springframework:spring-aspects:5.3.5
2022-07-09 13:22:50,759 [Worker-35: Download sources and javadoc] INFO  o.e.m.c.i.e.AbstractTransferListenerAdapter - Downloading https://repo.maven.apache.org/maven2/org/springframework/boot/spring-boot-devtools/2.4.4/spring-boot-devtools-2.4.4-sources.jar
2022-07-09 13:22:51,667 [Worker-35: Download sources and javadoc] INFO  o.e.m.c.i.e.AbstractTransferListenerAdapter - Downloaded https://repo.maven.apache.org/maven2/org/springframework/boot/spring-boot-devtools/2.4.4/spring-boot-devtools-2.4.4-sources.jar
2022-07-09 13:22:51,723 [Worker-35: Download sources and javadoc] INFO  o.e.m.j.internal.DownloadSourcesJob - Downloaded sources for org.springframework.boot:spring-boot-devtools:2.4.4
2022-07-09 13:22:52,167 [Worker-41: Building] INFO  o.e.m.c.i.embedder.EclipseLogger - Using 'UTF-8' encoding to copy filtered resources.
2022-07-09 13:22:52,167 [Worker-41: Building] INFO  o.e.m.c.i.embedder.EclipseLogger - Using 'UTF-8' encoding to copy filtered properties files.
2022-07-09 13:22:52,167 [Worker-41: Building] INFO  o.e.m.c.i.embedder.EclipseLogger - Copying 0 resource
2022-07-09 13:22:52,167 [Worker-41: Building] INFO  o.e.m.c.i.embedder.EclipseLogger - Copying 0 resource
2022-07-09 13:22:52,169 [Worker-41: Building] INFO  o.e.m.c.i.embedder.EclipseLogger - Using 'UTF-8' encoding to copy filtered resources.
2022-07-09 13:22:52,169 [Worker-41: Building] INFO  o.e.m.c.i.embedder.EclipseLogger - Using 'UTF-8' encoding to copy filtered properties files.
2022-07-09 13:22:52,169 [Worker-41: Building] INFO  o.e.m.c.i.embedder.EclipseLogger - skip non existing resourceDirectory D:\MICRO\microservices-crash-course-main (1)\microservices-crash-course-main\user_service\user_service\src\test\resources
2022-07-09 13:24:20,810 [Worker-41: Launching Executing test in D__MICRO_microservices-crash-course-main (1)_microservices-crash-course-main_user_service_user_service] INFO  o.e.m.i.launch.MavenLaunchDelegate - D:\MICRO\microservices-crash-course-main (1)\microservices-crash-course-main\user_service\user_service
2022-07-09 13:24:20,810 [Worker-41: Launching Executing test in D__MICRO_microservices-crash-course-main (1)_microservices-crash-course-main_user_service_user_service] INFO  o.e.m.i.launch.MavenLaunchDelegate -  mvn -B test -Dstyle.color=always
2022-07-09 13:24:26,820 [Worker-35: Building] INFO  o.e.m.c.i.embedder.EclipseLogger - Using 'UTF-8' encoding to copy filtered resources.
2022-07-09 13:24:26,821 [Worker-35: Building] INFO  o.e.m.c.i.embedder.EclipseLogger - Using 'UTF-8' encoding to copy filtered properties files.
2022-07-09 13:24:26,821 [Worker-35: Building] INFO  o.e.m.c.i.embedder.EclipseLogger - Copying 0 resource
2022-07-09 13:24:26,821 [Worker-35: Building] INFO  o.e.m.c.i.embedder.EclipseLogger - Copying 0 resource
2022-07-09 13:24:26,824 [Worker-35: Building] INFO  o.e.m.c.i.embedder.EclipseLogger - Using 'UTF-8' encoding to copy filtered resources.
2022-07-09 13:24:26,824 [Worker-35: Building] INFO  o.e.m.c.i.embedder.EclipseLogger - Using 'UTF-8' encoding to copy filtered properties files.
2022-07-09 13:24:26,824 [Worker-35: Building] INFO  o.e.m.c.i.embedder.EclipseLogger - skip non existing resourceDirectory D:\MICRO\microservices-crash-course-main (1)\microservices-crash-course-main\user_service\user_service\src\test\resources
2022-07-09 13:24:39,902 [Worker-37: Launching user_service - UserServiceApplication] INFO  o.e.m.c.i.l.LifecycleMappingFactory - Using org.eclipse.m2e.jdt.JarLifecycleMapping lifecycle mapping for MavenProject: com.user:user_service:0.0.1-SNAPSHOT @ D:\MICRO\microservices-crash-course-main (1)\microservices-crash-course-main\user_service\user_service\pom.xml.
2022-07-09 13:24:40,288 [Worker-37: Launching user_service - UserServiceApplication] INFO  o.e.m.c.i.embedder.EclipseLogger - Using 'UTF-8' encoding to copy filtered resources.
2022-07-09 13:24:40,288 [Worker-37: Launching user_service - UserServiceApplication] INFO  o.e.m.c.i.embedder.EclipseLogger - Using 'UTF-8' encoding to copy filtered properties files.
2022-07-09 13:24:40,289 [Worker-37: Launching user_service - UserServiceApplication] INFO  o.e.m.c.i.embedder.EclipseLogger - Copying 0 resource
2022-07-09 13:24:40,290 [Worker-37: Launching user_service - UserServiceApplication] INFO  o.e.m.c.i.embedder.EclipseLogger - Copying 0 resource
2022-07-09 13:24:40,292 [Worker-37: Launching user_service - UserServiceApplication] INFO  o.e.m.c.i.embedder.EclipseLogger - Using 'UTF-8' encoding to copy filtered resources.
2022-07-09 13:24:40,292 [Worker-37: Launching user_service - UserServiceApplication] INFO  o.e.m.c.i.embedder.EclipseLogger - Using 'UTF-8' encoding to copy filtered properties files.
2022-07-09 13:24:40,292 [Worker-37: Launching user_service - UserServiceApplication] INFO  o.e.m.c.i.embedder.EclipseLogger - skip non existing resourceDirectory D:\MICRO\microservices-crash-course-main (1)\microservices-crash-course-main\user_service\user_service\src\test\resources
2022-07-09 13:24:41,385 [Worker-41: Building] INFO  o.e.m.c.i.embedder.EclipseLogger - Using 'UTF-8' encoding to copy filtered resources.
2022-07-09 13:24:41,385 [Worker-41: Building] INFO  o.e.m.c.i.embedder.EclipseLogger - Using 'UTF-8' encoding to copy filtered properties files.
2022-07-09 13:24:41,386 [Worker-41: Building] INFO  o.e.m.c.i.embedder.EclipseLogger - Copying 2 resources
2022-07-09 13:24:41,391 [Worker-41: Building] INFO  o.e.m.c.i.embedder.EclipseLogger - Copying 0 resource
2022-07-09 13:24:41,393 [Worker-41: Building] INFO  o.e.m.c.i.embedder.EclipseLogger - Using 'UTF-8' encoding to copy filtered resources.
2022-07-09 13:24:41,393 [Worker-41: Building] INFO  o.e.m.c.i.embedder.EclipseLogger - Using 'UTF-8' encoding to copy filtered properties files.
2022-07-09 13:24:41,393 [Worker-41: Building] INFO  o.e.m.c.i.embedder.EclipseLogger - skip non existing resourceDirectory D:\MICRO\microservices-crash-course-main (1)\microservices-crash-course-main\user_service\user_service\src\test\resources
2022-07-09 13:31:48,943 [Worker-45: Building] INFO  o.e.m.c.i.l.LifecycleMappingFactory - Using org.eclipse.m2e.jdt.JarLifecycleMapping lifecycle mapping for MavenProject: com.user:user_service:0.0.1-SNAPSHOT @ D:\MICRO\microservices-crash-course-main (1)\microservices-crash-course-main\user_service\user_service\pom.xml.
2022-07-09 13:31:49,538 [Worker-45: Building] INFO  o.e.m.c.i.embedder.EclipseLogger - Using 'UTF-8' encoding to copy filtered resources.
2022-07-09 13:31:49,538 [Worker-45: Building] INFO  o.e.m.c.i.embedder.EclipseLogger - Using 'UTF-8' encoding to copy filtered properties files.
2022-07-09 13:31:49,540 [Worker-45: Building] INFO  o.e.m.c.i.embedder.EclipseLogger - Copying 0 resource
2022-07-09 13:31:49,540 [Worker-45: Building] INFO  o.e.m.c.i.embedder.EclipseLogger - Copying 0 resource
2022-07-09 13:31:49,544 [Worker-45: Building] INFO  o.e.m.c.i.embedder.EclipseLogger - Using 'UTF-8' encoding to copy filtered resources.
2022-07-09 13:31:49,544 [Worker-45: Building] INFO  o.e.m.c.i.embedder.EclipseLogger - Using 'UTF-8' encoding to copy filtered properties files.
2022-07-09 13:31:49,544 [Worker-45: Building] INFO  o.e.m.c.i.embedder.EclipseLogger - skip non existing resourceDirectory D:\MICRO\microservices-crash-course-main (1)\microservices-crash-course-main\user_service\user_service\src\test\resources
2022-07-09 13:31:52,162 [Worker-45: Building] INFO  o.e.m.c.i.embedder.EclipseLogger - Using 'UTF-8' encoding to copy filtered resources.
2022-07-09 13:31:52,162 [Worker-45: Building] INFO  o.e.m.c.i.embedder.EclipseLogger - Using 'UTF-8' encoding to copy filtered properties files.
2022-07-09 13:31:52,163 [Worker-45: Building] INFO  o.e.m.c.i.embedder.EclipseLogger - Copying 2 resources
2022-07-09 13:31:52,168 [Worker-45: Building] INFO  o.e.m.c.i.embedder.EclipseLogger - Copying 0 resource
2022-07-09 13:31:52,170 [Worker-45: Building] INFO  o.e.m.c.i.embedder.EclipseLogger - Using 'UTF-8' encoding to copy filtered resources.
2022-07-09 13:31:52,170 [Worker-45: Building] INFO  o.e.m.c.i.embedder.EclipseLogger - Using 'UTF-8' encoding to copy filtered properties files.
2022-07-09 13:31:52,170 [Worker-45: Building] INFO  o.e.m.c.i.embedder.EclipseLogger - skip non existing resourceDirectory D:\MICRO\microservices-crash-course-main (1)\microservices-crash-course-main\user_service\user_service\src\test\resources
2022-07-09 13:32:42,956 [Worker-43: Building] INFO  o.e.m.c.i.embedder.EclipseLogger - Using 'UTF-8' encoding to copy filtered resources.
2022-07-09 13:32:42,956 [Worker-43: Building] INFO  o.e.m.c.i.embedder.EclipseLogger - Using 'UTF-8' encoding to copy filtered properties files.
2022-07-09 13:32:42,956 [Worker-43: Building] INFO  o.e.m.c.i.embedder.EclipseLogger - Copying 2 resources
2022-07-09 13:32:43,222 [Worker-43: Building] INFO  o.e.m.c.i.embedder.EclipseLogger - Copying 0 resource
2022-07-09 13:32:43,226 [Worker-43: Building] INFO  o.e.m.c.i.embedder.EclipseLogger - Using 'UTF-8' encoding to copy filtered resources.
2022-07-09 13:32:43,226 [Worker-43: Building] INFO  o.e.m.c.i.embedder.EclipseLogger - Using 'UTF-8' encoding to copy filtered properties files.
2022-07-09 13:32:43,226 [Worker-43: Building] INFO  o.e.m.c.i.embedder.EclipseLogger - skip non existing resourceDirectory D:\MICRO\microservices-crash-course-main (1)\microservices-crash-course-main\user_service\user_service\src\test\resources
2022-07-09 13:32:58,955 [Worker-45: Building] INFO  o.e.m.c.i.embedder.EclipseLogger - Using 'UTF-8' encoding to copy filtered resources.
2022-07-09 13:32:58,956 [Worker-45: Building] INFO  o.e.m.c.i.embedder.EclipseLogger - Using 'UTF-8' encoding to copy filtered properties files.
2022-07-09 13:32:58,956 [Worker-45: Building] INFO  o.e.m.c.i.embedder.EclipseLogger - Copying 2 resources
2022-07-09 13:32:58,962 [Worker-45: Building] INFO  o.e.m.c.i.embedder.EclipseLogger - Copying 0 resource
2022-07-09 13:32:58,967 [Worker-45: Building] INFO  o.e.m.c.i.embedder.EclipseLogger - Using 'UTF-8' encoding to copy filtered resources.
2022-07-09 13:32:58,968 [Worker-45: Building] INFO  o.e.m.c.i.embedder.EclipseLogger - Using 'UTF-8' encoding to copy filtered properties files.
2022-07-09 13:32:58,968 [Worker-45: Building] INFO  o.e.m.c.i.embedder.EclipseLogger - skip non existing resourceDirectory C:\Users\Srashti Gupta\DOWNLOADS\HELLOSWAGGER\HELLOSWAGGER\src\test\resources
2022-07-09 13:32:59,076 [Worker-45: Building] INFO  o.e.m.c.i.embedder.EclipseLogger - Using 'UTF-8' encoding to copy filtered resources.
2022-07-09 13:32:59,076 [Worker-45: Building] INFO  o.e.m.c.i.embedder.EclipseLogger - Using 'UTF-8' encoding to copy filtered properties files.
2022-07-09 13:32:59,076 [Worker-45: Building] INFO  o.e.m.c.i.embedder.EclipseLogger - Copying 2 resources
2022-07-09 13:32:59,079 [Worker-45: Building] INFO  o.e.m.c.i.embedder.EclipseLogger - Copying 0 resource
2022-07-09 13:32:59,081 [Worker-45: Building] INFO  o.e.m.c.i.embedder.EclipseLogger - Using 'UTF-8' encoding to copy filtered resources.
2022-07-09 13:32:59,081 [Worker-45: Building] INFO  o.e.m.c.i.embedder.EclipseLogger - Using 'UTF-8' encoding to copy filtered properties files.
2022-07-09 13:32:59,081 [Worker-45: Building] INFO  o.e.m.c.i.embedder.EclipseLogger - skip non existing resourceDirectory D:\MICRO\microservices-crash-course-main (1)\microservices-crash-course-main\user_service\user_service\src\test\resources
2022-07-09 13:35:48,520 [Worker-48: Building] INFO  o.e.m.c.i.embedder.EclipseLogger - Using 'UTF-8' encoding to copy filtered resources.
2022-07-09 13:35:48,520 [Worker-48: Building] INFO  o.e.m.c.i.embedder.EclipseLogger - Using 'UTF-8' encoding to copy filtered properties files.
2022-07-09 13:35:48,521 [Worker-48: Building] INFO  o.e.m.c.i.embedder.EclipseLogger - Copying 1 resource
2022-07-09 13:35:48,574 [Worker-48: Building] INFO  o.e.m.c.i.embedder.EclipseLogger - Copying 0 resource
2022-07-09 13:35:48,578 [Worker-48: Building] INFO  o.e.m.c.i.embedder.EclipseLogger - Using 'UTF-8' encoding to copy filtered resources.
2022-07-09 13:35:48,579 [Worker-48: Building] INFO  o.e.m.c.i.embedder.EclipseLogger - Using 'UTF-8' encoding to copy filtered properties files.
2022-07-09 13:35:48,579 [Worker-48: Building] INFO  o.e.m.c.i.embedder.EclipseLogger - skip non existing resourceDirectory D:\MICRO\microservices-crash-course-main (1)\microservices-crash-course-main\user_service\user_service\src\test\resources
2022-07-09 13:38:53,060 [Worker-44: Building] INFO  o.e.m.c.i.embedder.EclipseLogger - Using 'UTF-8' encoding to copy filtered resources.
2022-07-09 13:38:53,061 [Worker-44: Building] INFO  o.e.m.c.i.embedder.EclipseLogger - Using 'UTF-8' encoding to copy filtered properties files.
2022-07-09 13:38:53,061 [Worker-44: Building] INFO  o.e.m.c.i.embedder.EclipseLogger - Copying 2 resources
2022-07-09 13:38:53,066 [Worker-44: Building] INFO  o.e.m.c.i.embedder.EclipseLogger - Copying 0 resource
2022-07-09 13:38:53,068 [Worker-44: Building] INFO  o.e.m.c.i.embedder.EclipseLogger - Using 'UTF-8' encoding to copy filtered resources.
2022-07-09 13:38:53,069 [Worker-44: Building] INFO  o.e.m.c.i.embedder.EclipseLogger - Using 'UTF-8' encoding to copy filtered properties files.
2022-07-09 13:38:53,069 [Worker-44: Building] INFO  o.e.m.c.i.embedder.EclipseLogger - skip non existing resourceDirectory C:\Users\Srashti Gupta\DOWNLOADS\HELLOSWAGGER\HELLOSWAGGER\src\test\resources
2022-07-09 13:38:53,230 [Worker-44: Building] INFO  o.e.m.c.i.embedder.EclipseLogger - Using 'UTF-8' encoding to copy filtered resources.
2022-07-09 13:38:53,230 [Worker-44: Building] INFO  o.e.m.c.i.embedder.EclipseLogger - Using 'UTF-8' encoding to copy filtered properties files.
2022-07-09 13:38:53,230 [Worker-44: Building] INFO  o.e.m.c.i.embedder.EclipseLogger - Copying 2 resources
2022-07-09 13:38:53,234 [Worker-44: Building] INFO  o.e.m.c.i.embedder.EclipseLogger - Copying 0 resource
2022-07-09 13:38:53,236 [Worker-44: Building] INFO  o.e.m.c.i.embedder.EclipseLogger - Using 'UTF-8' encoding to copy filtered resources.
2022-07-09 13:38:53,236 [Worker-44: Building] INFO  o.e.m.c.i.embedder.EclipseLogger - Using 'UTF-8' encoding to copy filtered properties files.
2022-07-09 13:38:53,236 [Worker-44: Building] INFO  o.e.m.c.i.embedder.EclipseLogger - skip non existing resourceDirectory D:\MICRO\microservices-crash-course-main (1)\microservices-crash-course-main\user_service\user_service\src\test\resources
2022-07-09 13:48:30,525 [Worker-44: Building] INFO  o.e.m.c.i.l.LifecycleMappingFactory - Using org.eclipse.m2e.jdt.JarLifecycleMapping lifecycle mapping for MavenProject: com.user:user_service:0.0.1-SNAPSHOT @ D:\MICRO\microservices-crash-course-main (1)\microservices-crash-course-main\user_service\user_service\pom.xml.
2022-07-09 13:48:30,952 [Worker-44: Building] INFO  o.e.m.c.i.embedder.EclipseLogger - Using 'UTF-8' encoding to copy filtered resources.
2022-07-09 13:48:30,952 [Worker-44: Building] INFO  o.e.m.c.i.embedder.EclipseLogger - Using 'UTF-8' encoding to copy filtered properties files.
2022-07-09 13:48:30,953 [Worker-44: Building] INFO  o.e.m.c.i.embedder.EclipseLogger - Copying 0 resource
2022-07-09 13:48:30,953 [Worker-44: Building] INFO  o.e.m.c.i.embedder.EclipseLogger - Copying 0 resource
2022-07-09 13:48:30,955 [Worker-44: Building] INFO  o.e.m.c.i.embedder.EclipseLogger - Using 'UTF-8' encoding to copy filtered resources.
2022-07-09 13:48:30,955 [Worker-44: Building] INFO  o.e.m.c.i.embedder.EclipseLogger - Using 'UTF-8' encoding to copy filtered properties files.
2022-07-09 13:48:30,955 [Worker-44: Building] INFO  o.e.m.c.i.embedder.EclipseLogger - skip non existing resourceDirectory D:\MICRO\microservices-crash-course-main (1)\microservices-crash-course-main\user_service\user_service\src\test\resources
2022-07-09 13:48:32,924 [Worker-53: Building] INFO  o.e.m.c.i.embedder.EclipseLogger - Using 'UTF-8' encoding to copy filtered resources.
2022-07-09 13:48:32,925 [Worker-53: Building] INFO  o.e.m.c.i.embedder.EclipseLogger - Using 'UTF-8' encoding to copy filtered properties files.
2022-07-09 13:48:32,926 [Worker-53: Building] INFO  o.e.m.c.i.embedder.EclipseLogger - Copying 2 resources
2022-07-09 13:48:32,931 [Worker-53: Building] INFO  o.e.m.c.i.embedder.EclipseLogger - Copying 0 resource
2022-07-09 13:48:32,933 [Worker-53: Building] INFO  o.e.m.c.i.embedder.EclipseLogger - Using 'UTF-8' encoding to copy filtered resources.
2022-07-09 13:48:32,933 [Worker-53: Building] INFO  o.e.m.c.i.embedder.EclipseLogger - Using 'UTF-8' encoding to copy filtered properties files.
2022-07-09 13:48:32,933 [Worker-53: Building] INFO  o.e.m.c.i.embedder.EclipseLogger - skip non existing resourceDirectory D:\MICRO\microservices-crash-course-main (1)\microservices-crash-course-main\user_service\user_service\src\test\resources
2022-07-09 13:48:41,945 [Worker-53: Updating Maven Project] INFO  o.e.m.c.i.p.ProjectConfigurationManager - Update started
2022-07-09 13:48:42,395 [Worker-53: Updating Maven Project] INFO  o.e.m.c.i.l.LifecycleMappingFactory - Using org.eclipse.m2e.jdt.JarLifecycleMapping lifecycle mapping for MavenProject: com.user:user_service:0.0.1-SNAPSHOT @ D:\MICRO\microservices-crash-course-main (1)\microservices-crash-course-main\user_service\user_service\pom.xml.
2022-07-09 13:48:42,755 [Worker-53: Updating Maven Project] INFO  o.e.m.j.i.AbstractJavaProjectConfigurator - Adding source folder /user_service/src/main/java
2022-07-09 13:48:42,756 [Worker-53: Updating Maven Project] INFO  o.e.m.j.i.AbstractJavaProjectConfigurator - Adding resource folder /user_service/src/main/resources
2022-07-09 13:48:42,756 [Worker-53: Updating Maven Project] INFO  o.e.m.j.i.AbstractJavaProjectConfigurator - Adding resource folder /user_service/src/main/resources
2022-07-09 13:48:42,757 [Worker-53: Updating Maven Project] INFO  o.e.m.j.i.AbstractJavaProjectConfigurator - Adding source folder /user_service/src/test/java
2022-07-09 13:48:43,311 [Worker-53: Updating Maven Project] INFO  o.e.m.c.i.p.ProjectConfigurationManager - Update completed: 1 sec
2022-07-09 13:48:44,386 [Worker-52: Building] INFO  o.e.m.c.i.embedder.EclipseLogger - Using 'UTF-8' encoding to copy filtered resources.
2022-07-09 13:48:44,386 [Worker-52: Building] INFO  o.e.m.c.i.embedder.EclipseLogger - Using 'UTF-8' encoding to copy filtered properties files.
2022-07-09 13:48:44,386 [Worker-52: Building] INFO  o.e.m.c.i.embedder.EclipseLogger - Copying 2 resources
2022-07-09 13:48:44,393 [Worker-52: Building] INFO  o.e.m.c.i.embedder.EclipseLogger - Copying 0 resource
2022-07-09 13:48:44,395 [Worker-52: Building] INFO  o.e.m.c.i.embedder.EclipseLogger - Using 'UTF-8' encoding to copy filtered resources.
2022-07-09 13:48:44,395 [Worker-52: Building] INFO  o.e.m.c.i.embedder.EclipseLogger - Using 'UTF-8' encoding to copy filtered properties files.
2022-07-09 13:48:44,395 [Worker-52: Building] INFO  o.e.m.c.i.embedder.EclipseLogger - skip non existing resourceDirectory D:\MICRO\microservices-crash-course-main (1)\microservices-crash-course-main\user_service\user_service\src\test\resources
2022-07-09 13:48:55,802 [Worker-55: Building] INFO  o.e.m.c.i.embedder.EclipseLogger - Using 'UTF-8' encoding to copy filtered resources.
2022-07-09 13:48:55,802 [Worker-55: Building] INFO  o.e.m.c.i.embedder.EclipseLogger - Using 'UTF-8' encoding to copy filtered properties files.
2022-07-09 13:48:55,802 [Worker-55: Building] INFO  o.e.m.c.i.embedder.EclipseLogger - Copying 1 resource
2022-07-09 13:48:55,853 [Worker-55: Building] INFO  o.e.m.c.i.embedder.EclipseLogger - Copying 0 resource
2022-07-09 13:48:55,855 [Worker-55: Building] INFO  o.e.m.c.i.embedder.EclipseLogger - Using 'UTF-8' encoding to copy filtered resources.
2022-07-09 13:48:55,855 [Worker-55: Building] INFO  o.e.m.c.i.embedder.EclipseLogger - Using 'UTF-8' encoding to copy filtered properties files.
2022-07-09 13:48:55,856 [Worker-55: Building] INFO  o.e.m.c.i.embedder.EclipseLogger - skip non existing resourceDirectory C:\Users\Srashti Gupta\DOWNLOADS\HELLOSWAGGER\HELLOSWAGGER\src\test\resources
2022-07-09 13:49:40,946 [ForkJoinPool.commonPool-worker-1] ERROR o.e.m.e.l.MavenRuntimeClasspathProvider - Illegal character in path at index 22: file:/C:/Users/Srashti Gupta/DOWNLOADS/sts-4.14.1.RELEASE/plugins/org.eclipse.m2e.maven.runtime_1.18.3.20220227-1319/jars/
java.net.URISyntaxException: Illegal character in path at index 22: file:/C:/Users/Srashti Gupta/DOWNLOADS/sts-4.14.1.RELEASE/plugins/org.eclipse.m2e.maven.runtime_1.18.3.20220227-1319/jars/
	at java.base/java.net.URI$Parser.fail(URI.java:2974)
	at java.base/java.net.URI$Parser.checkChars(URI.java:3145)
	at java.base/java.net.URI$Parser.parseHierarchical(URI.java:3227)
	at java.base/java.net.URI$Parser.parse(URI.java:3175)
	at java.base/java.net.URI.<init>(URI.java:623)
	at java.base/java.net.URL.toURI(URL.java:1056)
	at org.eclipse.m2e.editor.lemminx.MavenRuntimeClasspathProvider.addJarsFromBundle(MavenRuntimeClasspathProvider.java:81)
	at org.eclipse.m2e.editor.lemminx.MavenRuntimeClasspathProvider.get(MavenRuntimeClasspathProvider.java:66)
	at org.eclipse.m2e.editor.lemminx.MavenRuntimeClasspathProvider.get(MavenRuntimeClasspathProvider.java:1)
	at java.base/java.util.stream.ReferencePipeline$3$1.accept(ReferencePipeline.java:197)
	at java.base/java.util.stream.ReferencePipeline$3$1.accept(ReferencePipeline.java:197)
	at java.base/java.util.HashMap$EntrySpliterator.forEachRemaining(HashMap.java:1850)
	at java.base/java.util.stream.AbstractPipeline.copyInto(AbstractPipeline.java:509)
	at java.base/java.util.stream.AbstractPipeline.wrapAndCopyInto(AbstractPipeline.java:499)
	at java.base/java.util.stream.ForEachOps$ForEachOp.evaluateSequential(ForEachOps.java:150)
	at java.base/java.util.stream.ForEachOps$ForEachOp$OfRef.evaluateSequential(ForEachOps.java:173)
	at java.base/java.util.stream.AbstractPipeline.evaluate(AbstractPipeline.java:234)
	at java.base/java.util.stream.ReferencePipeline.forEach(ReferencePipeline.java:596)
	at org.eclipse.wildwebdeveloper.xml.internal.XMLExtensionRegistry.getXMLLSClassPathExtensions(XMLExtensionRegistry.java:81)
	at org.eclipse.wildwebdeveloper.xml.internal.XMLLanguageServer.getExtensionJarPaths(XMLLanguageServer.java:148)
	at org.eclipse.wildwebdeveloper.xml.internal.XMLLanguageServer.<init>(XMLLanguageServer.java:83)
	at java.base/jdk.internal.reflect.NativeConstructorAccessorImpl.newInstance0(Native Method)
	at java.base/jdk.internal.reflect.NativeConstructorAccessorImpl.newInstance(NativeConstructorAccessorImpl.java:77)
	at java.base/jdk.internal.reflect.DelegatingConstructorAccessorImpl.newInstance(DelegatingConstructorAccessorImpl.java:45)
	at java.base/java.lang.reflect.Constructor.newInstanceWithCaller(Constructor.java:499)
	at java.base/java.lang.reflect.Constructor.newInstance(Constructor.java:480)
	at org.eclipse.core.internal.registry.osgi.RegistryStrategyOSGI.createExecutableExtension(RegistryStrategyOSGI.java:204)
	at org.eclipse.core.internal.registry.ExtensionRegistry.createExecutableExtension(ExtensionRegistry.java:920)
	at org.eclipse.core.internal.registry.ConfigurationElement.createExecutableExtension(ConfigurationElement.java:246)
	at org.eclipse.core.internal.registry.ConfigurationElementHandle.createExecutableExtension(ConfigurationElementHandle.java:63)
	at org.eclipse.lsp4e.LanguageServersRegistry$ExtensionLanguageServerDefinition.createConnectionProvider(LanguageServersRegistry.java:147)
	at org.eclipse.lsp4e.LanguageServerWrapper.lambda$1(LanguageServerWrapper.java:222)
	at java.base/java.util.concurrent.CompletableFuture$AsyncSupply.run(CompletableFuture.java:1768)
	at java.base/java.util.concurrent.CompletableFuture$AsyncSupply.exec(CompletableFuture.java:1760)
	at java.base/java.util.concurrent.ForkJoinTask.doExec(ForkJoinTask.java:373)
	at java.base/java.util.concurrent.ForkJoinPool$WorkQueue.topLevelExec(ForkJoinPool.java:1182)
	at java.base/java.util.concurrent.ForkJoinPool.scan(ForkJoinPool.java:1655)
	at java.base/java.util.concurrent.ForkJoinPool.runWorker(ForkJoinPool.java:1622)
	at java.base/java.util.concurrent.ForkJoinWorkerThread.run(ForkJoinWorkerThread.java:165)
2022-07-09 13:49:43,219 [Worker-1: Loading available Gradle versions] INFO  o.e.b.c.i.u.g.PublishedGradleVersions - Gradle version information cache is up-to-date. Trying to read.
2022-07-09 22:25:09,938 [ForkJoinPool.commonPool-worker-1] ERROR o.e.m.e.l.MavenRuntimeClasspathProvider - Illegal character in path at index 22: file:/C:/Users/Srashti Gupta/DOWNLOADS/sts-4.14.1.RELEASE/plugins/org.eclipse.m2e.maven.runtime_1.18.3.20220227-1319/jars/
java.net.URISyntaxException: Illegal character in path at index 22: file:/C:/Users/Srashti Gupta/DOWNLOADS/sts-4.14.1.RELEASE/plugins/org.eclipse.m2e.maven.runtime_1.18.3.20220227-1319/jars/
	at java.base/java.net.URI$Parser.fail(URI.java:2974)
	at java.base/java.net.URI$Parser.checkChars(URI.java:3145)
	at java.base/java.net.URI$Parser.parseHierarchical(URI.java:3227)
	at java.base/java.net.URI$Parser.parse(URI.java:3175)
	at java.base/java.net.URI.<init>(URI.java:623)
	at java.base/java.net.URL.toURI(URL.java:1056)
	at org.eclipse.m2e.editor.lemminx.MavenRuntimeClasspathProvider.addJarsFromBundle(MavenRuntimeClasspathProvider.java:81)
	at org.eclipse.m2e.editor.lemminx.MavenRuntimeClasspathProvider.get(MavenRuntimeClasspathProvider.java:66)
	at org.eclipse.m2e.editor.lemminx.MavenRuntimeClasspathProvider.get(MavenRuntimeClasspathProvider.java:1)
	at java.base/java.util.stream.ReferencePipeline$3$1.accept(ReferencePipeline.java:197)
	at java.base/java.util.stream.ReferencePipeline$3$1.accept(ReferencePipeline.java:197)
	at java.base/java.util.HashMap$EntrySpliterator.forEachRemaining(HashMap.java:1850)
	at java.base/java.util.stream.AbstractPipeline.copyInto(AbstractPipeline.java:509)
	at java.base/java.util.stream.AbstractPipeline.wrapAndCopyInto(AbstractPipeline.java:499)
	at java.base/java.util.stream.ForEachOps$ForEachOp.evaluateSequential(ForEachOps.java:150)
	at java.base/java.util.stream.ForEachOps$ForEachOp$OfRef.evaluateSequential(ForEachOps.java:173)
	at java.base/java.util.stream.AbstractPipeline.evaluate(AbstractPipeline.java:234)
	at java.base/java.util.stream.ReferencePipeline.forEach(ReferencePipeline.java:596)
	at org.eclipse.wildwebdeveloper.xml.internal.XMLExtensionRegistry.getXMLLSClassPathExtensions(XMLExtensionRegistry.java:81)
	at org.eclipse.wildwebdeveloper.xml.internal.XMLLanguageServer.getExtensionJarPaths(XMLLanguageServer.java:148)
	at org.eclipse.wildwebdeveloper.xml.internal.XMLLanguageServer.<init>(XMLLanguageServer.java:83)
	at java.base/jdk.internal.reflect.NativeConstructorAccessorImpl.newInstance0(Native Method)
	at java.base/jdk.internal.reflect.NativeConstructorAccessorImpl.newInstance(NativeConstructorAccessorImpl.java:77)
	at java.base/jdk.internal.reflect.DelegatingConstructorAccessorImpl.newInstance(DelegatingConstructorAccessorImpl.java:45)
	at java.base/java.lang.reflect.Constructor.newInstanceWithCaller(Constructor.java:499)
	at java.base/java.lang.reflect.Constructor.newInstance(Constructor.java:480)
	at org.eclipse.core.internal.registry.osgi.RegistryStrategyOSGI.createExecutableExtension(RegistryStrategyOSGI.java:204)
	at org.eclipse.core.internal.registry.ExtensionRegistry.createExecutableExtension(ExtensionRegistry.java:920)
	at org.eclipse.core.internal.registry.ConfigurationElement.createExecutableExtension(ConfigurationElement.java:246)
	at org.eclipse.core.internal.registry.ConfigurationElementHandle.createExecutableExtension(ConfigurationElementHandle.java:63)
	at org.eclipse.lsp4e.LanguageServersRegistry$ExtensionLanguageServerDefinition.createConnectionProvider(LanguageServersRegistry.java:147)
	at org.eclipse.lsp4e.LanguageServerWrapper.lambda$1(LanguageServerWrapper.java:222)
	at java.base/java.util.concurrent.CompletableFuture$AsyncSupply.run(CompletableFuture.java:1768)
	at java.base/java.util.concurrent.CompletableFuture$AsyncSupply.exec(CompletableFuture.java:1760)
	at java.base/java.util.concurrent.ForkJoinTask.doExec(ForkJoinTask.java:373)
	at java.base/java.util.concurrent.ForkJoinPool$WorkQueue.topLevelExec(ForkJoinPool.java:1182)
	at java.base/java.util.concurrent.ForkJoinPool.scan(ForkJoinPool.java:1655)
	at java.base/java.util.concurrent.ForkJoinPool.runWorker(ForkJoinPool.java:1622)
	at java.base/java.util.concurrent.ForkJoinWorkerThread.run(ForkJoinWorkerThread.java:165)
2022-07-09 22:25:13,506 [Worker-1: Loading available Gradle versions] INFO  o.e.b.c.i.u.g.PublishedGradleVersions - Gradle version information cache is up-to-date. Trying to read.
2022-07-09 22:27:32,951 [Worker-7: Importing Maven projects] INFO  o.e.m.c.i.l.LifecycleMappingFactory - Using org.eclipse.m2e.jdt.JarLifecycleMapping lifecycle mapping for MavenProject: com.greatlearning:Backend_Work:0.0.1-SNAPSHOT @ C:\Users\Srashti Gupta\DOWNLOADS\Backend_Work\Backend_Work\pom.xml.
2022-07-09 22:27:35,160 [Worker-7: Importing Maven projects] INFO  o.e.m.j.i.AbstractJavaProjectConfigurator - Adding source folder /Backend_Work/src/main/java
2022-07-09 22:27:35,161 [Worker-7: Importing Maven projects] INFO  o.e.m.j.i.AbstractJavaProjectConfigurator - Adding resource folder /Backend_Work/src/main/resources
2022-07-09 22:27:35,163 [Worker-7: Importing Maven projects] INFO  o.e.m.j.i.AbstractJavaProjectConfigurator - Adding resource folder /Backend_Work/src/main/resources
2022-07-09 22:27:35,164 [Worker-7: Importing Maven projects] INFO  o.e.m.j.i.AbstractJavaProjectConfigurator - Adding source folder /Backend_Work/src/test/java
2022-07-09 22:27:35,883 [Worker-7: Importing Maven projects] INFO  o.e.m.c.i.p.ProjectConfigurationManager - Imported and configured 1 project(s) in 6 sec
2022-07-09 22:27:37,721 [Worker-20: Building] INFO  o.e.m.c.i.embedder.EclipseLogger - Using 'UTF-8' encoding to copy filtered resources.
2022-07-09 22:27:37,721 [Worker-20: Building] INFO  o.e.m.c.i.embedder.EclipseLogger - Using 'UTF-8' encoding to copy filtered properties files.
2022-07-09 22:27:37,727 [Worker-20: Building] INFO  o.e.m.c.i.embedder.EclipseLogger - Copying 1 resource
2022-07-09 22:27:37,746 [Worker-20: Building] INFO  o.e.m.c.i.embedder.EclipseLogger - Copying 0 resource
2022-07-09 22:27:37,750 [Worker-20: Building] INFO  o.e.m.c.i.embedder.EclipseLogger - Using 'UTF-8' encoding to copy filtered resources.
2022-07-09 22:27:37,751 [Worker-20: Building] INFO  o.e.m.c.i.embedder.EclipseLogger - Using 'UTF-8' encoding to copy filtered properties files.
2022-07-09 22:27:37,751 [Worker-20: Building] INFO  o.e.m.c.i.embedder.EclipseLogger - skip non existing resourceDirectory C:\Users\Srashti Gupta\DOWNLOADS\Backend_Work\Backend_Work\src\test\resources
2022-07-09 22:27:40,590 [Worker-20: Building] INFO  o.e.m.c.i.embedder.EclipseLogger - Using 'UTF-8' encoding to copy filtered resources.
2022-07-09 22:27:40,591 [Worker-20: Building] INFO  o.e.m.c.i.embedder.EclipseLogger - Using 'UTF-8' encoding to copy filtered properties files.
2022-07-09 22:27:40,591 [Worker-20: Building] INFO  o.e.m.c.i.embedder.EclipseLogger - Copying 2 resources
2022-07-09 22:27:40,613 [Worker-20: Building] INFO  o.e.m.c.i.embedder.EclipseLogger - Copying 0 resource
2022-07-09 22:27:40,616 [Worker-20: Building] INFO  o.e.m.c.i.embedder.EclipseLogger - Using 'UTF-8' encoding to copy filtered resources.
2022-07-09 22:27:40,616 [Worker-20: Building] INFO  o.e.m.c.i.embedder.EclipseLogger - Using 'UTF-8' encoding to copy filtered properties files.
2022-07-09 22:27:40,616 [Worker-20: Building] INFO  o.e.m.c.i.embedder.EclipseLogger - skip non existing resourceDirectory C:\Users\Srashti Gupta\DOWNLOADS\HELLOSWAGGER\HELLOSWAGGER\src\test\resources
2022-07-09 22:32:19,960 [Worker-22: Building] INFO  o.e.m.c.i.embedder.EclipseLogger - Using 'UTF-8' encoding to copy filtered resources.
2022-07-09 22:32:19,966 [Worker-22: Building] INFO  o.e.m.c.i.embedder.EclipseLogger - Using 'UTF-8' encoding to copy filtered properties files.
2022-07-09 22:32:19,980 [Worker-22: Building] INFO  o.e.m.c.i.embedder.EclipseLogger - Copying 1 resource
2022-07-09 22:32:20,026 [Worker-22: Building] INFO  o.e.m.c.i.embedder.EclipseLogger - Copying 0 resource
2022-07-09 22:32:20,032 [Worker-22: Building] INFO  o.e.m.c.i.embedder.EclipseLogger - Using 'UTF-8' encoding to copy filtered resources.
2022-07-09 22:32:20,033 [Worker-22: Building] INFO  o.e.m.c.i.embedder.EclipseLogger - Using 'UTF-8' encoding to copy filtered properties files.
2022-07-09 22:32:20,033 [Worker-22: Building] INFO  o.e.m.c.i.embedder.EclipseLogger - skip non existing resourceDirectory C:\Users\Srashti Gupta\DOWNLOADS\Backend_Work\Backend_Work\src\test\resources
2022-07-09 22:32:37,157 [Worker-23: Building] INFO  o.e.m.c.i.embedder.EclipseLogger - Using 'UTF-8' encoding to copy filtered resources.
2022-07-09 22:32:37,157 [Worker-23: Building] INFO  o.e.m.c.i.embedder.EclipseLogger - Using 'UTF-8' encoding to copy filtered properties files.
2022-07-09 22:32:37,158 [Worker-23: Building] INFO  o.e.m.c.i.embedder.EclipseLogger - Copying 1 resource
2022-07-09 22:32:37,176 [Worker-23: Building] INFO  o.e.m.c.i.embedder.EclipseLogger - Copying 0 resource
2022-07-09 22:32:37,181 [Worker-23: Building] INFO  o.e.m.c.i.embedder.EclipseLogger - Using 'UTF-8' encoding to copy filtered resources.
2022-07-09 22:32:37,182 [Worker-23: Building] INFO  o.e.m.c.i.embedder.EclipseLogger - Using 'UTF-8' encoding to copy filtered properties files.
2022-07-09 22:32:37,182 [Worker-23: Building] INFO  o.e.m.c.i.embedder.EclipseLogger - skip non existing resourceDirectory C:\Users\Srashti Gupta\DOWNLOADS\Backend_Work\Backend_Work\src\test\resources
2022-07-09 22:34:17,280 [Worker-15: Building] INFO  o.e.m.c.i.embedder.EclipseLogger - Using 'UTF-8' encoding to copy filtered resources.
2022-07-09 22:34:17,288 [Worker-15: Building] INFO  o.e.m.c.i.embedder.EclipseLogger - Using 'UTF-8' encoding to copy filtered properties files.
2022-07-09 22:34:17,292 [Worker-15: Building] INFO  o.e.m.c.i.embedder.EclipseLogger - Copying 1 resource
2022-07-09 22:34:17,332 [Worker-15: Building] INFO  o.e.m.c.i.embedder.EclipseLogger - Copying 0 resource
2022-07-09 22:34:17,337 [Worker-15: Building] INFO  o.e.m.c.i.embedder.EclipseLogger - Using 'UTF-8' encoding to copy filtered resources.
2022-07-09 22:34:17,337 [Worker-15: Building] INFO  o.e.m.c.i.embedder.EclipseLogger - Using 'UTF-8' encoding to copy filtered properties files.
2022-07-09 22:34:17,337 [Worker-15: Building] INFO  o.e.m.c.i.embedder.EclipseLogger - skip non existing resourceDirectory C:\Users\Srashti Gupta\DOWNLOADS\Backend_Work\Backend_Work\src\test\resources
2022-07-09 22:34:30,742 [Worker-23: Updating Maven Project] INFO  o.e.m.c.i.p.ProjectConfigurationManager - Update started
2022-07-09 22:34:31,985 [Worker-23: Updating Maven Project] INFO  o.e.m.c.i.l.LifecycleMappingFactory - Using org.eclipse.m2e.jdt.JarLifecycleMapping lifecycle mapping for MavenProject: com.greatlearning:Backend_Work:0.0.1-SNAPSHOT @ C:\Users\Srashti Gupta\DOWNLOADS\Backend_Work\Backend_Work\pom.xml.
2022-07-09 22:34:32,844 [Worker-23: Updating Maven Project] INFO  o.e.m.j.i.AbstractJavaProjectConfigurator - Adding source folder /Backend_Work/src/main/java
2022-07-09 22:34:32,844 [Worker-23: Updating Maven Project] INFO  o.e.m.j.i.AbstractJavaProjectConfigurator - Adding resource folder /Backend_Work/src/main/resources
2022-07-09 22:34:32,845 [Worker-23: Updating Maven Project] INFO  o.e.m.j.i.AbstractJavaProjectConfigurator - Adding resource folder /Backend_Work/src/main/resources
2022-07-09 22:34:32,846 [Worker-23: Updating Maven Project] INFO  o.e.m.j.i.AbstractJavaProjectConfigurator - Adding source folder /Backend_Work/src/test/java
2022-07-09 22:34:33,399 [Worker-23: Updating Maven Project] INFO  o.e.m.c.i.p.ProjectConfigurationManager - Update completed: 2 sec
2022-07-09 22:34:34,692 [Worker-18: Building] INFO  o.e.m.c.i.embedder.EclipseLogger - Using 'UTF-8' encoding to copy filtered resources.
2022-07-09 22:34:34,692 [Worker-18: Building] INFO  o.e.m.c.i.embedder.EclipseLogger - Using 'UTF-8' encoding to copy filtered properties files.
2022-07-09 22:34:34,693 [Worker-18: Building] INFO  o.e.m.c.i.embedder.EclipseLogger - Copying 1 resource
2022-07-09 22:34:34,697 [Worker-18: Building] INFO  o.e.m.c.i.embedder.EclipseLogger - Copying 0 resource
2022-07-09 22:34:34,700 [Worker-18: Building] INFO  o.e.m.c.i.embedder.EclipseLogger - Using 'UTF-8' encoding to copy filtered resources.
2022-07-09 22:34:34,700 [Worker-18: Building] INFO  o.e.m.c.i.embedder.EclipseLogger - Using 'UTF-8' encoding to copy filtered properties files.
2022-07-09 22:34:34,700 [Worker-18: Building] INFO  o.e.m.c.i.embedder.EclipseLogger - skip non existing resourceDirectory C:\Users\Srashti Gupta\DOWNLOADS\Backend_Work\Backend_Work\src\test\resources
2022-07-09 22:35:18,774 [Worker-28: Building] INFO  o.e.m.c.i.embedder.EclipseLogger - Using 'UTF-8' encoding to copy filtered resources.
2022-07-09 22:35:18,774 [Worker-28: Building] INFO  o.e.m.c.i.embedder.EclipseLogger - Using 'UTF-8' encoding to copy filtered properties files.
2022-07-09 22:35:18,775 [Worker-28: Building] INFO  o.e.m.c.i.embedder.EclipseLogger - Copying 1 resource
2022-07-09 22:35:18,779 [Worker-28: Building] INFO  o.e.m.c.i.embedder.EclipseLogger - Copying 0 resource
2022-07-09 22:35:18,785 [Worker-28: Building] INFO  o.e.m.c.i.embedder.EclipseLogger - Using 'UTF-8' encoding to copy filtered resources.
2022-07-09 22:35:18,785 [Worker-28: Building] INFO  o.e.m.c.i.embedder.EclipseLogger - Using 'UTF-8' encoding to copy filtered properties files.
2022-07-09 22:35:18,790 [Worker-28: Building] INFO  o.e.m.c.i.embedder.EclipseLogger - skip non existing resourceDirectory C:\Users\Srashti Gupta\DOWNLOADS\Backend_Work\Backend_Work\src\test\resources
2022-07-09 22:35:19,170 [Worker-21: Building] INFO  o.e.m.c.i.embedder.EclipseLogger - Using 'UTF-8' encoding to copy filtered resources.
2022-07-09 22:35:19,170 [Worker-21: Building] INFO  o.e.m.c.i.embedder.EclipseLogger - Using 'UTF-8' encoding to copy filtered properties files.
2022-07-09 22:35:19,171 [Worker-21: Building] INFO  o.e.m.c.i.embedder.EclipseLogger - Copying 2 resources
2022-07-09 22:35:19,179 [Worker-21: Building] INFO  o.e.m.c.i.embedder.EclipseLogger - Copying 0 resource
2022-07-09 22:35:19,347 [Worker-21: Building] INFO  o.e.m.c.i.embedder.EclipseLogger - Using 'UTF-8' encoding to copy filtered resources.
2022-07-09 22:35:19,347 [Worker-21: Building] INFO  o.e.m.c.i.embedder.EclipseLogger - Using 'UTF-8' encoding to copy filtered properties files.
2022-07-09 22:35:19,348 [Worker-21: Building] INFO  o.e.m.c.i.embedder.EclipseLogger - skip non existing resourceDirectory C:\Users\Srashti Gupta\DOWNLOADS\HELLOSWAGGER\HELLOSWAGGER\src\test\resources
2022-07-09 22:35:20,430 [Worker-28: Building] INFO  o.e.m.c.i.embedder.EclipseLogger - Using 'UTF-8' encoding to copy filtered resources.
2022-07-09 22:35:20,430 [Worker-28: Building] INFO  o.e.m.c.i.embedder.EclipseLogger - Using 'UTF-8' encoding to copy filtered properties files.
2022-07-09 22:35:20,430 [Worker-28: Building] INFO  o.e.m.c.i.embedder.EclipseLogger - Copying 2 resources
2022-07-09 22:35:20,449 [Worker-28: Building] INFO  o.e.m.c.i.embedder.EclipseLogger - Copying 0 resource
2022-07-09 22:35:20,453 [Worker-28: Building] INFO  o.e.m.c.i.embedder.EclipseLogger - Using 'UTF-8' encoding to copy filtered resources.
2022-07-09 22:35:20,453 [Worker-28: Building] INFO  o.e.m.c.i.embedder.EclipseLogger - Using 'UTF-8' encoding to copy filtered properties files.
2022-07-09 22:35:20,454 [Worker-28: Building] INFO  o.e.m.c.i.embedder.EclipseLogger - skip non existing resourceDirectory D:\MICRO\microservices-crash-course-main (1)\microservices-crash-course-main\user_service\user_service\src\test\resources
2022-07-09 22:36:27,678 [Worker-2: Loading available Gradle versions] INFO  o.e.b.c.i.u.g.PublishedGradleVersions - Gradle version information cache is up-to-date. Trying to read.
2022-07-09 22:46:29,783 [Worker-15: Building] INFO  o.e.m.c.i.embedder.EclipseLogger - Using 'UTF-8' encoding to copy filtered resources.
2022-07-09 22:46:29,793 [Worker-15: Building] INFO  o.e.m.c.i.embedder.EclipseLogger - Using 'UTF-8' encoding to copy filtered properties files.
2022-07-09 22:46:29,802 [Worker-15: Building] INFO  o.e.m.c.i.embedder.EclipseLogger - Copying 1 resource
2022-07-09 22:46:30,277 [Worker-15: Building] INFO  o.e.m.c.i.embedder.EclipseLogger - Copying 0 resource
2022-07-09 22:46:30,286 [Worker-15: Building] INFO  o.e.m.c.i.embedder.EclipseLogger - Using 'UTF-8' encoding to copy filtered resources.
2022-07-09 22:46:30,286 [Worker-15: Building] INFO  o.e.m.c.i.embedder.EclipseLogger - Using 'UTF-8' encoding to copy filtered properties files.
2022-07-09 22:46:30,287 [Worker-15: Building] INFO  o.e.m.c.i.embedder.EclipseLogger - skip non existing resourceDirectory C:\Users\Srashti Gupta\DOWNLOADS\Backend_Work\Backend_Work\src\test\resources
2022-07-09 22:46:35,785 [Worker-17: Building] INFO  o.e.m.c.i.embedder.EclipseLogger - Using 'UTF-8' encoding to copy filtered resources.
2022-07-09 22:46:35,785 [Worker-17: Building] INFO  o.e.m.c.i.embedder.EclipseLogger - Using 'UTF-8' encoding to copy filtered properties files.
2022-07-09 22:46:35,791 [Worker-17: Building] INFO  o.e.m.c.i.embedder.EclipseLogger - Copying 1 resource
2022-07-09 22:46:35,800 [Worker-17: Building] INFO  o.e.m.c.i.embedder.EclipseLogger - Copying 0 resource
2022-07-09 22:46:35,805 [Worker-17: Building] INFO  o.e.m.c.i.embedder.EclipseLogger - Using 'UTF-8' encoding to copy filtered resources.
2022-07-09 22:46:35,805 [Worker-17: Building] INFO  o.e.m.c.i.embedder.EclipseLogger - Using 'UTF-8' encoding to copy filtered properties files.
2022-07-09 22:46:35,805 [Worker-17: Building] INFO  o.e.m.c.i.embedder.EclipseLogger - skip non existing resourceDirectory C:\Users\Srashti Gupta\DOWNLOADS\Backend_Work\Backend_Work\src\test\resources
2022-07-09 22:48:57,674 [Worker-12: Building] INFO  o.e.m.c.i.embedder.EclipseLogger - Using 'UTF-8' encoding to copy filtered resources.
2022-07-09 22:48:57,683 [Worker-12: Building] INFO  o.e.m.c.i.embedder.EclipseLogger - Using 'UTF-8' encoding to copy filtered properties files.
2022-07-09 22:48:57,686 [Worker-12: Building] INFO  o.e.m.c.i.embedder.EclipseLogger - Copying 1 resource
2022-07-09 22:48:57,846 [Worker-12: Building] INFO  o.e.m.c.i.embedder.EclipseLogger - Copying 0 resource
2022-07-09 22:48:57,851 [Worker-12: Building] INFO  o.e.m.c.i.embedder.EclipseLogger - Using 'UTF-8' encoding to copy filtered resources.
2022-07-09 22:48:57,851 [Worker-12: Building] INFO  o.e.m.c.i.embedder.EclipseLogger - Using 'UTF-8' encoding to copy filtered properties files.
2022-07-09 22:48:57,851 [Worker-12: Building] INFO  o.e.m.c.i.embedder.EclipseLogger - skip non existing resourceDirectory C:\Users\Srashti Gupta\DOWNLOADS\Backend_Work\Backend_Work\src\test\resources
2022-07-09 22:55:43,261 [Worker-12: Building] INFO  o.e.m.c.i.embedder.EclipseLogger - Using 'UTF-8' encoding to copy filtered resources.
2022-07-09 22:55:43,269 [Worker-12: Building] INFO  o.e.m.c.i.embedder.EclipseLogger - Using 'UTF-8' encoding to copy filtered properties files.
2022-07-09 22:55:43,271 [Worker-12: Building] INFO  o.e.m.c.i.embedder.EclipseLogger - Copying 1 resource
2022-07-09 22:55:43,357 [Worker-12: Building] INFO  o.e.m.c.i.embedder.EclipseLogger - Copying 0 resource
2022-07-09 22:55:43,360 [Worker-12: Building] INFO  o.e.m.c.i.embedder.EclipseLogger - Using 'UTF-8' encoding to copy filtered resources.
2022-07-09 22:55:43,361 [Worker-12: Building] INFO  o.e.m.c.i.embedder.EclipseLogger - Using 'UTF-8' encoding to copy filtered properties files.
2022-07-09 22:55:43,361 [Worker-12: Building] INFO  o.e.m.c.i.embedder.EclipseLogger - skip non existing resourceDirectory C:\Users\Srashti Gupta\DOWNLOADS\Backend_Work\Backend_Work\src\test\resources
2022-07-10 06:21:53,747 [Worker-2: Loading available Gradle versions] INFO  o.e.b.c.i.u.g.PublishedGradleVersions - Gradle version information cache is out-of-date. Trying to update.
2022-07-10 06:22:16,237 [Worker-7: Updating Maven Project] INFO  o.e.m.c.i.p.ProjectConfigurationManager - Update started
2022-07-10 06:22:17,410 [Worker-7: Updating Maven Project] INFO  o.e.m.c.i.l.LifecycleMappingFactory - Using org.eclipse.m2e.jdt.JarLifecycleMapping lifecycle mapping for MavenProject: com.greatlearning:Backend_Work:0.0.1-SNAPSHOT @ C:\Users\Srashti Gupta\DOWNLOADS\Backend_Work\Backend_Work\pom.xml.
2022-07-10 06:22:18,458 [Worker-7: Updating Maven Project] INFO  o.e.m.j.i.AbstractJavaProjectConfigurator - Adding source folder /Backend_Work/src/main/java
2022-07-10 06:22:18,459 [Worker-7: Updating Maven Project] INFO  o.e.m.j.i.AbstractJavaProjectConfigurator - Adding resource folder /Backend_Work/src/main/resources
2022-07-10 06:22:18,459 [Worker-7: Updating Maven Project] INFO  o.e.m.j.i.AbstractJavaProjectConfigurator - Adding resource folder /Backend_Work/src/main/resources
2022-07-10 06:22:18,460 [Worker-7: Updating Maven Project] INFO  o.e.m.j.i.AbstractJavaProjectConfigurator - Adding source folder /Backend_Work/src/test/java
2022-07-10 06:22:19,136 [Worker-7: Updating Maven Project] INFO  o.e.m.c.i.p.ProjectConfigurationManager - Update completed: 2 sec
2022-07-10 06:22:20,366 [Worker-3: Building] INFO  o.e.m.c.i.embedder.EclipseLogger - Using 'UTF-8' encoding to copy filtered resources.
2022-07-10 06:22:20,366 [Worker-3: Building] INFO  o.e.m.c.i.embedder.EclipseLogger - Using 'UTF-8' encoding to copy filtered properties files.
2022-07-10 06:22:20,372 [Worker-3: Building] INFO  o.e.m.c.i.embedder.EclipseLogger - Copying 1 resource
2022-07-10 06:22:20,403 [Worker-3: Building] INFO  o.e.m.c.i.embedder.EclipseLogger - Copying 0 resource
2022-07-10 06:22:20,408 [Worker-3: Building] INFO  o.e.m.c.i.embedder.EclipseLogger - Using 'UTF-8' encoding to copy filtered resources.
2022-07-10 06:22:20,408 [Worker-3: Building] INFO  o.e.m.c.i.embedder.EclipseLogger - Using 'UTF-8' encoding to copy filtered properties files.
2022-07-10 06:22:20,408 [Worker-3: Building] INFO  o.e.m.c.i.embedder.EclipseLogger - skip non existing resourceDirectory C:\Users\Srashti Gupta\DOWNLOADS\Backend_Work\Backend_Work\src\test\resources
2022-07-10 06:23:51,109 [Start Help Server] INFO  org.eclipse.jetty.server.Server - jetty-10.0.6; built: 2021-06-29T15:28:56.259Z; git: 37e7731b4b142a882d73974ff3bec78d621bd674; jvm 17.0.2+8
2022-07-10 06:23:51,152 [Start Help Server] INFO  o.e.j.s.s.DefaultSessionIdManager - Session workerName=node0
2022-07-10 06:23:51,214 [Start Help Server] INFO  o.e.j.server.handler.ContextHandler - Started o.e.j.s.ServletContextHandler@17a09ee5{/help,null,AVAILABLE}
2022-07-10 06:23:51,253 [Start Help Server] INFO  o.e.jetty.server.AbstractConnector - Started ServerConnector@628af4bc{HTTP/1.1, (http/1.1)}{127.0.0.1:58171}
2022-07-10 06:23:51,258 [Start Help Server] INFO  org.eclipse.jetty.server.Server - Started Server@30964193{STARTING}[10.0.6,sto=0] @138274ms
2022-07-10 06:25:50,878 [Worker-2: Building] INFO  o.e.m.c.i.embedder.EclipseLogger - Using 'UTF-8' encoding to copy filtered resources.
2022-07-10 06:25:50,878 [Worker-2: Building] INFO  o.e.m.c.i.embedder.EclipseLogger - Using 'UTF-8' encoding to copy filtered properties files.
2022-07-10 06:25:50,880 [Worker-2: Building] INFO  o.e.m.c.i.embedder.EclipseLogger - Copying 0 resource
2022-07-10 06:25:50,881 [Worker-2: Building] INFO  o.e.m.c.i.embedder.EclipseLogger - Copying 0 resource
2022-07-10 06:25:50,895 [Worker-2: Building] INFO  o.e.m.c.i.embedder.EclipseLogger - Using 'UTF-8' encoding to copy filtered resources.
2022-07-10 06:25:50,895 [Worker-2: Building] INFO  o.e.m.c.i.embedder.EclipseLogger - Using 'UTF-8' encoding to copy filtered properties files.
2022-07-10 06:25:50,896 [Worker-2: Building] INFO  o.e.m.c.i.embedder.EclipseLogger - skip non existing resourceDirectory C:\Users\Srashti Gupta\DOWNLOADS\Backend_Work\Backend_Work\src\test\resources
2022-07-10 06:25:53,311 [Stop Help Server] INFO  org.eclipse.jetty.server.Server - Stopped Server@30964193{STOPPING}[10.0.6,sto=0]
2022-07-10 06:25:53,317 [Stop Help Server] INFO  o.e.jetty.server.AbstractConnector - Stopped ServerConnector@628af4bc{HTTP/1.1, (http/1.1)}{127.0.0.1:0}
2022-07-10 06:25:53,336 [Stop Help Server] INFO  o.e.j.server.handler.ContextHandler - Stopped o.e.j.s.ServletContextHandler@17a09ee5{/help,null,STOPPED}
2022-07-10 07:27:18,103 [Worker-1: Loading available Gradle versions] INFO  o.e.b.c.i.u.g.PublishedGradleVersions - Gradle version information cache is up-to-date. Trying to read.
2022-07-10 07:27:26,539 [Worker-6: Building] INFO  o.e.m.c.i.embedder.EclipseLogger - Using 'UTF-8' encoding to copy filtered resources.
2022-07-10 07:27:26,541 [Worker-6: Building] INFO  o.e.m.c.i.embedder.EclipseLogger - Using 'UTF-8' encoding to copy filtered properties files.
2022-07-10 07:27:26,547 [Worker-6: Building] INFO  o.e.m.c.i.embedder.EclipseLogger - Copying 1 resource
2022-07-10 07:27:26,827 [Worker-6: Building] INFO  o.e.m.c.i.embedder.EclipseLogger - Copying 0 resource
2022-07-10 07:27:26,838 [Worker-6: Building] INFO  o.e.m.c.i.embedder.EclipseLogger - Using 'UTF-8' encoding to copy filtered resources.
2022-07-10 07:27:26,838 [Worker-6: Building] INFO  o.e.m.c.i.embedder.EclipseLogger - Using 'UTF-8' encoding to copy filtered properties files.
2022-07-10 07:27:26,839 [Worker-6: Building] INFO  o.e.m.c.i.embedder.EclipseLogger - skip non existing resourceDirectory C:\Users\Srashti Gupta\DOWNLOADS\Backend_Work\Backend_Work\src\test\resources
2022-07-10 07:27:35,241 [ForkJoinPool.commonPool-worker-1] ERROR o.e.m.e.l.MavenRuntimeClasspathProvider - Illegal character in path at index 22: file:/C:/Users/Srashti Gupta/DOWNLOADS/sts-4.14.1.RELEASE/plugins/org.eclipse.m2e.maven.runtime_1.18.3.20220227-1319/jars/
java.net.URISyntaxException: Illegal character in path at index 22: file:/C:/Users/Srashti Gupta/DOWNLOADS/sts-4.14.1.RELEASE/plugins/org.eclipse.m2e.maven.runtime_1.18.3.20220227-1319/jars/
	at java.base/java.net.URI$Parser.fail(URI.java:2974)
	at java.base/java.net.URI$Parser.checkChars(URI.java:3145)
	at java.base/java.net.URI$Parser.parseHierarchical(URI.java:3227)
	at java.base/java.net.URI$Parser.parse(URI.java:3175)
	at java.base/java.net.URI.<init>(URI.java:623)
	at java.base/java.net.URL.toURI(URL.java:1056)
	at org.eclipse.m2e.editor.lemminx.MavenRuntimeClasspathProvider.addJarsFromBundle(MavenRuntimeClasspathProvider.java:81)
	at org.eclipse.m2e.editor.lemminx.MavenRuntimeClasspathProvider.get(MavenRuntimeClasspathProvider.java:66)
	at org.eclipse.m2e.editor.lemminx.MavenRuntimeClasspathProvider.get(MavenRuntimeClasspathProvider.java:1)
	at java.base/java.util.stream.ReferencePipeline$3$1.accept(ReferencePipeline.java:197)
	at java.base/java.util.stream.ReferencePipeline$3$1.accept(ReferencePipeline.java:197)
	at java.base/java.util.HashMap$EntrySpliterator.forEachRemaining(HashMap.java:1850)
	at java.base/java.util.stream.AbstractPipeline.copyInto(AbstractPipeline.java:509)
	at java.base/java.util.stream.AbstractPipeline.wrapAndCopyInto(AbstractPipeline.java:499)
	at java.base/java.util.stream.ForEachOps$ForEachOp.evaluateSequential(ForEachOps.java:150)
	at java.base/java.util.stream.ForEachOps$ForEachOp$OfRef.evaluateSequential(ForEachOps.java:173)
	at java.base/java.util.stream.AbstractPipeline.evaluate(AbstractPipeline.java:234)
	at java.base/java.util.stream.ReferencePipeline.forEach(ReferencePipeline.java:596)
	at org.eclipse.wildwebdeveloper.xml.internal.XMLExtensionRegistry.getXMLLSClassPathExtensions(XMLExtensionRegistry.java:81)
	at org.eclipse.wildwebdeveloper.xml.internal.XMLLanguageServer.getExtensionJarPaths(XMLLanguageServer.java:148)
	at org.eclipse.wildwebdeveloper.xml.internal.XMLLanguageServer.<init>(XMLLanguageServer.java:83)
	at java.base/jdk.internal.reflect.NativeConstructorAccessorImpl.newInstance0(Native Method)
	at java.base/jdk.internal.reflect.NativeConstructorAccessorImpl.newInstance(NativeConstructorAccessorImpl.java:77)
	at java.base/jdk.internal.reflect.DelegatingConstructorAccessorImpl.newInstance(DelegatingConstructorAccessorImpl.java:45)
	at java.base/java.lang.reflect.Constructor.newInstanceWithCaller(Constructor.java:499)
	at java.base/java.lang.reflect.Constructor.newInstance(Constructor.java:480)
	at org.eclipse.core.internal.registry.osgi.RegistryStrategyOSGI.createExecutableExtension(RegistryStrategyOSGI.java:204)
	at org.eclipse.core.internal.registry.ExtensionRegistry.createExecutableExtension(ExtensionRegistry.java:920)
	at org.eclipse.core.internal.registry.ConfigurationElement.createExecutableExtension(ConfigurationElement.java:246)
	at org.eclipse.core.internal.registry.ConfigurationElementHandle.createExecutableExtension(ConfigurationElementHandle.java:63)
	at org.eclipse.lsp4e.LanguageServersRegistry$ExtensionLanguageServerDefinition.createConnectionProvider(LanguageServersRegistry.java:147)
	at org.eclipse.lsp4e.LanguageServerWrapper.lambda$1(LanguageServerWrapper.java:222)
	at java.base/java.util.concurrent.CompletableFuture$AsyncSupply.run(CompletableFuture.java:1768)
	at java.base/java.util.concurrent.CompletableFuture$AsyncSupply.exec(CompletableFuture.java:1760)
	at java.base/java.util.concurrent.ForkJoinTask.doExec(ForkJoinTask.java:373)
	at java.base/java.util.concurrent.ForkJoinPool$WorkQueue.topLevelExec(ForkJoinPool.java:1182)
	at java.base/java.util.concurrent.ForkJoinPool.scan(ForkJoinPool.java:1655)
	at java.base/java.util.concurrent.ForkJoinPool.runWorker(ForkJoinPool.java:1622)
	at java.base/java.util.concurrent.ForkJoinWorkerThread.run(ForkJoinWorkerThread.java:165)
2022-07-10 07:27:36,318 [Worker-4: Building] INFO  o.e.m.c.i.l.LifecycleMappingFactory - Using org.eclipse.m2e.jdt.JarLifecycleMapping lifecycle mapping for MavenProject: com.greatlearning:Backend_Work:0.0.1-SNAPSHOT @ C:\Users\Srashti Gupta\DOWNLOADS\Backend_Work\Backend_Work\pom.xml.
2022-07-10 07:27:37,889 [Worker-4: Building] INFO  o.e.m.c.i.embedder.EclipseLogger - Using 'UTF-8' encoding to copy filtered resources.
2022-07-10 07:27:37,890 [Worker-4: Building] INFO  o.e.m.c.i.embedder.EclipseLogger - Using 'UTF-8' encoding to copy filtered properties files.
2022-07-10 07:27:37,891 [Worker-4: Building] INFO  o.e.m.c.i.embedder.EclipseLogger - Copying 1 resource
2022-07-10 07:27:37,951 [Worker-4: Building] INFO  o.e.m.c.i.embedder.EclipseLogger - Copying 0 resource
2022-07-10 07:27:37,959 [Worker-4: Building] INFO  o.e.m.c.i.embedder.EclipseLogger - Using 'UTF-8' encoding to copy filtered resources.
2022-07-10 07:27:37,959 [Worker-4: Building] INFO  o.e.m.c.i.embedder.EclipseLogger - Using 'UTF-8' encoding to copy filtered properties files.
2022-07-10 07:27:37,967 [Worker-4: Building] INFO  o.e.m.c.i.embedder.EclipseLogger - skip non existing resourceDirectory C:\Users\Srashti Gupta\DOWNLOADS\Backend_Work\Backend_Work\src\test\resources
2022-07-10 07:27:43,500 [Worker-8: Building] INFO  o.e.m.c.i.embedder.EclipseLogger - Using 'UTF-8' encoding to copy filtered resources.
2022-07-10 07:27:43,501 [Worker-8: Building] INFO  o.e.m.c.i.embedder.EclipseLogger - Using 'UTF-8' encoding to copy filtered properties files.
2022-07-10 07:27:43,507 [Worker-8: Building] INFO  o.e.m.c.i.embedder.EclipseLogger - Copying 1 resource
2022-07-10 07:27:43,515 [Worker-8: Building] INFO  o.e.m.c.i.embedder.EclipseLogger - Copying 0 resource
2022-07-10 07:27:43,519 [Worker-8: Building] INFO  o.e.m.c.i.embedder.EclipseLogger - Using 'UTF-8' encoding to copy filtered resources.
2022-07-10 07:27:43,520 [Worker-8: Building] INFO  o.e.m.c.i.embedder.EclipseLogger - Using 'UTF-8' encoding to copy filtered properties files.
2022-07-10 07:27:43,520 [Worker-8: Building] INFO  o.e.m.c.i.embedder.EclipseLogger - skip non existing resourceDirectory C:\Users\Srashti Gupta\DOWNLOADS\Backend_Work\Backend_Work\src\test\resources
2022-07-10 07:27:59,613 [Worker-8: Building] INFO  o.e.m.c.i.embedder.EclipseLogger - Using 'UTF-8' encoding to copy filtered resources.
2022-07-10 07:27:59,613 [Worker-8: Building] INFO  o.e.m.c.i.embedder.EclipseLogger - Using 'UTF-8' encoding to copy filtered properties files.
2022-07-10 07:27:59,613 [Worker-8: Building] INFO  o.e.m.c.i.embedder.EclipseLogger - Copying 0 resource
2022-07-10 07:27:59,614 [Worker-8: Building] INFO  o.e.m.c.i.embedder.EclipseLogger - Copying 0 resource
2022-07-10 07:27:59,618 [Worker-8: Building] INFO  o.e.m.c.i.embedder.EclipseLogger - Using 'UTF-8' encoding to copy filtered resources.
2022-07-10 07:27:59,619 [Worker-8: Building] INFO  o.e.m.c.i.embedder.EclipseLogger - Using 'UTF-8' encoding to copy filtered properties files.
2022-07-10 07:27:59,619 [Worker-8: Building] INFO  o.e.m.c.i.embedder.EclipseLogger - skip non existing resourceDirectory C:\Users\Srashti Gupta\DOWNLOADS\Backend_Work\Backend_Work\src\test\resources
2022-07-10 08:36:31,090 [Worker-1: Loading available Gradle versions] INFO  o.e.b.c.i.u.g.PublishedGradleVersions - Gradle version information cache is up-to-date. Trying to read.
2022-07-10 10:50:09,158 [Worker-2: Loading available Gradle versions] INFO  o.e.b.c.i.u.g.PublishedGradleVersions - Gradle version information cache is up-to-date. Trying to read.
2022-07-10 11:04:38,418 [Worker-2: Loading available Gradle versions] INFO  o.e.b.c.i.u.g.PublishedGradleVersions - Gradle version information cache is up-to-date. Trying to read.
2022-07-11 11:21:21,073 [Worker-4: Loading available Gradle versions] INFO  o.e.b.c.i.u.g.PublishedGradleVersions - Gradle version information cache is up-to-date. Trying to read.
2022-07-16 20:19:35,434 [Worker-3: Loading available Gradle versions] INFO  o.e.b.c.i.u.g.PublishedGradleVersions - Gradle version information cache is up-to-date. Trying to read.
2022-07-16 20:19:44,276 [Worker-1: Building] INFO  o.e.m.c.i.embedder.EclipseLogger - Using 'UTF-8' encoding to copy filtered resources.
2022-07-16 20:19:44,278 [Worker-1: Building] INFO  o.e.m.c.i.embedder.EclipseLogger - Using 'UTF-8' encoding to copy filtered properties files.
2022-07-16 20:19:44,282 [Worker-1: Building] INFO  o.e.m.c.i.embedder.EclipseLogger - Copying 2 resources
2022-07-16 20:19:44,309 [Worker-1: Building] INFO  o.e.m.c.i.embedder.EclipseLogger - Copying 0 resource
2022-07-16 20:19:44,315 [Worker-1: Building] INFO  o.e.m.c.i.embedder.EclipseLogger - Using 'UTF-8' encoding to copy filtered resources.
2022-07-16 20:19:44,315 [Worker-1: Building] INFO  o.e.m.c.i.embedder.EclipseLogger - Using 'UTF-8' encoding to copy filtered properties files.
2022-07-16 20:19:44,315 [Worker-1: Building] INFO  o.e.m.c.i.embedder.EclipseLogger - skip non existing resourceDirectory C:\Users\Srashti Gupta\DOWNLOADS\HELLOSWAGGER\HELLOSWAGGER\src\test\resources
2022-07-16 20:19:48,408 [Worker-1: Building] INFO  o.e.m.c.i.embedder.EclipseLogger - Using 'UTF-8' encoding to copy filtered resources.
2022-07-16 20:19:48,409 [Worker-1: Building] INFO  o.e.m.c.i.embedder.EclipseLogger - Using 'UTF-8' encoding to copy filtered properties files.
2022-07-16 20:19:48,410 [Worker-1: Building] INFO  o.e.m.c.i.embedder.EclipseLogger - Copying 2 resources
2022-07-16 20:19:48,421 [Worker-1: Building] INFO  o.e.m.c.i.embedder.EclipseLogger - Copying 0 resource
2022-07-16 20:19:48,424 [Worker-1: Building] INFO  o.e.m.c.i.embedder.EclipseLogger - Using 'UTF-8' encoding to copy filtered resources.
2022-07-16 20:19:48,424 [Worker-1: Building] INFO  o.e.m.c.i.embedder.EclipseLogger - Using 'UTF-8' encoding to copy filtered properties files.
2022-07-16 20:19:48,424 [Worker-1: Building] INFO  o.e.m.c.i.embedder.EclipseLogger - skip non existing resourceDirectory D:\MICRO\microservices-crash-course-main (1)\microservices-crash-course-main\user_service\user_service\src\test\resources
2022-08-30 07:56:43,696 [Worker-1: Loading available Gradle versions] INFO  o.e.b.c.i.u.g.PublishedGradleVersions - Gradle version information cache is up-to-date. Trying to read.
2022-08-30 07:58:10,035 [Worker-8: Launching UserServiceApplication] INFO  o.e.m.c.i.embedder.EclipseLogger - Using 'UTF-8' encoding to copy filtered resources.
2022-08-30 07:58:10,041 [Worker-8: Launching UserServiceApplication] INFO  o.e.m.c.i.embedder.EclipseLogger - Using 'UTF-8' encoding to copy filtered properties files.
2022-08-30 07:58:10,044 [Worker-8: Launching UserServiceApplication] INFO  o.e.m.c.i.embedder.EclipseLogger - Copying 2 resources
2022-08-30 07:58:10,079 [Worker-8: Launching UserServiceApplication] INFO  o.e.m.c.i.embedder.EclipseLogger - Copying 0 resource
2022-08-30 07:58:10,084 [Worker-8: Launching UserServiceApplication] INFO  o.e.m.c.i.embedder.EclipseLogger - Using 'UTF-8' encoding to copy filtered resources.
2022-08-30 07:58:10,084 [Worker-8: Launching UserServiceApplication] INFO  o.e.m.c.i.embedder.EclipseLogger - Using 'UTF-8' encoding to copy filtered properties files.
2022-08-30 07:58:10,085 [Worker-8: Launching UserServiceApplication] INFO  o.e.m.c.i.embedder.EclipseLogger - skip non existing resourceDirectory D:\MICRO\microservices-crash-course-main (1)\microservices-crash-course-main\user_service\user_service\src\test\resources
2022-08-30 07:58:12,360 [Worker-5: Building] INFO  o.e.m.c.i.embedder.EclipseLogger - Using 'UTF-8' encoding to copy filtered resources.
2022-08-30 07:58:12,360 [Worker-5: Building] INFO  o.e.m.c.i.embedder.EclipseLogger - Using 'UTF-8' encoding to copy filtered properties files.
2022-08-30 07:58:12,360 [Worker-5: Building] INFO  o.e.m.c.i.embedder.EclipseLogger - Copying 2 resources
2022-08-30 07:58:12,376 [Worker-5: Building] INFO  o.e.m.c.i.embedder.EclipseLogger - Copying 0 resource
2022-08-30 07:58:12,381 [Worker-5: Building] INFO  o.e.m.c.i.embedder.EclipseLogger - Using 'UTF-8' encoding to copy filtered resources.
2022-08-30 07:58:12,381 [Worker-5: Building] INFO  o.e.m.c.i.embedder.EclipseLogger - Using 'UTF-8' encoding to copy filtered properties files.
2022-08-30 07:58:12,381 [Worker-5: Building] INFO  o.e.m.c.i.embedder.EclipseLogger - skip non existing resourceDirectory C:\Users\Srashti Gupta\DOWNLOADS\HELLOSWAGGER\HELLOSWAGGER\src\test\resources
2023-02-04 15:01:50,021 [Worker-3: Loading available Gradle versions] INFO  o.e.b.c.i.u.g.PublishedGradleVersions - Gradle version information cache is up-to-date. Trying to read.
